/*
SQLyog Enterprise - MySQL GUI v8.12 
MySQL - 5.5.19 : Database - dbfound
*********************************************************************
*/

/*!40101 SET NAMES utf8 */;

/*!40101 SET SQL_MODE=''*/;

/*!40014 SET @OLD_FOREIGN_KEY_CHECKS=@@FOREIGN_KEY_CHECKS, FOREIGN_KEY_CHECKS=0 */;
/*!40101 SET @OLD_SQL_MODE=@@SQL_MODE, SQL_MODE='NO_AUTO_VALUE_ON_ZERO' */;

CREATE DATABASE /*!32312 IF NOT EXISTS*/`dbfound` /*!40100 DEFAULT CHARACTER SET utf8 */;

USE `dbfound`;

/*Table structure for table `fnd_branch` */

DROP TABLE IF EXISTS `fnd_branch`;

CREATE TABLE `fnd_branch` (
  `branch_id` int(11) NOT NULL AUTO_INCREMENT,
  `branch_code` varchar(100) NOT NULL,
  `branch_name` varchar(200) NOT NULL,
  `enable_flag` varchar(1) DEFAULT NULL,
  `create_by` int(11) NOT NULL,
  `create_date` date NOT NULL,
  `last_update_by` int(11) NOT NULL,
  `last_update_date` date NOT NULL,
  PRIMARY KEY (`branch_id`),
  UNIQUE KEY `branch_code` (`branch_code`),
  KEY `branch_name` (`branch_name`)
) ENGINE=InnoDB AUTO_INCREMENT=7 DEFAULT CHARSET=utf8;

/*Data for the table `fnd_branch` */

insert  into `fnd_branch`(`branch_id`,`branch_code`,`branch_name`,`enable_flag`,`create_by`,`create_date`,`last_update_by`,`last_update_date`) values (1,'JSJ001','Java课程设计','Y',2,'2012-07-29',2,'2013-04-21'),(2,'JSJ002','C语言程序设计','Y',2,'2012-07-29',2,'2012-11-24'),(3,'JSJ003','数据库原理','Y',2,'2012-07-29',2,'2012-07-29'),(4,'JSJ004','计算机网络','Y',2,'2012-08-15',2,'2013-05-30'),(5,'JSJ005','计算机导论','Y',2,'2012-08-22',2,'2012-08-22'),(6,'JSJ006','计算机组成原理','Y',2,'2012-09-27',2,'2012-09-27');

/*Table structure for table `fnd_class` */

DROP TABLE IF EXISTS `fnd_class`;

CREATE TABLE `fnd_class` (
  `class_id` int(11) NOT NULL AUTO_INCREMENT,
  `class_code` varchar(100) NOT NULL,
  `class_name` varchar(200) NOT NULL,
  `enable_flag` varchar(1) NOT NULL,
  `create_by` int(11) NOT NULL,
  `create_date` date NOT NULL,
  `last_update_by` int(11) NOT NULL,
  `last_update_date` date NOT NULL,
  PRIMARY KEY (`class_id`),
  UNIQUE KEY `class_code` (`class_code`),
  KEY `class_name` (`class_name`)
) ENGINE=InnoDB AUTO_INCREMENT=7 DEFAULT CHARSET=utf8;

/*Data for the table `fnd_class` */

insert  into `fnd_class`(`class_id`,`class_code`,`class_name`,`enable_flag`,`create_by`,`create_date`,`last_update_by`,`last_update_date`) values (1,'074202','07级网络工程二班','Y',2,'2012-05-08',21,'2012-09-24'),(2,'074201','07级网络工程一班','Y',2,'2012-05-22',21,'2012-09-25'),(3,'074001','07级计算机科学与技术一班','Y',2,'2012-08-21',2,'2012-08-21'),(4,'074401','07级软件工程一班','Y',21,'2012-09-22',21,'2012-09-22'),(5,'074002','07级计算机科学与技术二班','Y',21,'2012-09-22',21,'2012-09-22'),(6,'074402','07级软件工程二班','Y',21,'2012-09-22',2,'2013-05-30');

/*Table structure for table `fnd_course` */

DROP TABLE IF EXISTS `fnd_course`;

CREATE TABLE `fnd_course` (
  `course_id` int(11) NOT NULL AUTO_INCREMENT,
  `enable_flag` varchar(1) DEFAULT NULL,
  `class_id` int(11) NOT NULL,
  `branch_id` int(11) NOT NULL,
  `teacher_id` int(11) DEFAULT NULL,
  `create_by` int(11) NOT NULL,
  `create_date` date NOT NULL,
  `last_update_by` int(11) NOT NULL,
  `last_update_date` date NOT NULL,
  PRIMARY KEY (`course_id`),
  KEY `NewIndex1` (`class_id`),
  KEY `NewIndex2` (`branch_id`),
  KEY `NewIndex3` (`teacher_id`)
) ENGINE=InnoDB AUTO_INCREMENT=23 DEFAULT CHARSET=utf8;

/*Data for the table `fnd_course` */

insert  into `fnd_course`(`course_id`,`enable_flag`,`class_id`,`branch_id`,`teacher_id`,`create_by`,`create_date`,`last_update_by`,`last_update_date`) values (4,'Y',2,1,1,2,'2012-07-29',2,'2012-07-29'),(5,'Y',1,1,1,2,'2012-07-29',2,'2012-07-29'),(6,'Y',2,2,2,2,'2012-07-29',2,'2012-07-29'),(7,'Y',1,3,3,2,'2012-07-29',2,'2012-07-29'),(8,'Y',2,3,3,2,'2012-07-29',2,'2012-07-29'),(9,'Y',1,2,1,2,'2012-07-29',2,'2012-07-29'),(10,'Y',3,1,1,2,'2012-08-21',2,'2012-08-21'),(11,'Y',3,3,3,2,'2012-08-21',2,'2012-08-21'),(12,'Y',1,5,4,2,'2012-08-22',2,'2012-08-22'),(13,'Y',3,4,4,2,'2012-08-23',2,'2012-08-23'),(14,'Y',2,4,4,2,'2012-08-27',2,'2012-08-27'),(15,'Y',2,5,1,2,'2012-08-27',2,'2012-08-27'),(16,'Y',1,4,4,2,'2012-08-27',2,'2012-08-27'),(17,'Y',3,2,1,2,'2012-08-27',2,'2012-08-27'),(18,'Y',3,5,3,2,'2012-08-27',21,'2012-08-28'),(19,'Y',4,1,1,21,'2012-09-22',21,'2012-09-22'),(20,'Y',6,6,3,2,'2012-09-27',2,'2012-09-27'),(21,'Y',4,4,4,2,'2012-09-27',2,'2012-09-27'),(22,'Y',5,3,3,21,'2012-10-11',21,'2012-10-11');

/*Table structure for table `fnd_student` */

DROP TABLE IF EXISTS `fnd_student`;

CREATE TABLE `fnd_student` (
  `student_id` int(11) NOT NULL AUTO_INCREMENT,
  `class_id` int(11) NOT NULL,
  `student_code` varchar(100) NOT NULL,
  `student_name` varchar(200) NOT NULL,
  `telphone_num` varchar(20) DEFAULT NULL,
  `email` varchar(200) DEFAULT NULL,
  `enable_flag` char(1) DEFAULT NULL,
  `create_by` int(11) DEFAULT NULL,
  `create_date` date DEFAULT NULL,
  `last_update_by` int(11) DEFAULT NULL,
  `last_update_date` date DEFAULT NULL,
  PRIMARY KEY (`student_id`),
  UNIQUE KEY `class_id` (`student_code`),
  KEY `student_name` (`student_name`)
) ENGINE=InnoDB AUTO_INCREMENT=22 DEFAULT CHARSET=utf8;

/*Data for the table `fnd_student` */

insert  into `fnd_student`(`student_id`,`class_id`,`student_code`,`student_name`,`telphone_num`,`email`,`enable_flag`,`create_by`,`create_date`,`last_update_by`,`last_update_date`) values (1,1,'07420207','小杨','12345678','213@163.com','Y',2,'2012-05-08',2,'2012-09-02'),(2,1,'07420206','小徐','123456789','123@123.com','Y',2,'2012-05-08',2,'2012-09-02'),(3,1,'07420205','小毛','12345678','213@163.com','Y',2,'2012-05-08',2,'2012-09-02'),(4,1,'ADMIN','测试学生1','18621598333','213@163.com','Y',2,'2012-05-17',2,'2013-06-04'),(5,2,'07420101','小明','18621598333','12321@123.com','Y',2,'2012-05-22',2,'2012-09-02'),(6,2,'07420102','小王','123213213','213@163.com','Y',2,'2012-07-07',2,'2012-09-25'),(7,2,'07420103','小军','18621598333','12321@123.com','Y',2,'2012-07-07',2,'2012-09-02'),(8,1,'07420221','小黄','18621598333','213@163.com','Y',2,'2012-07-28',2,'2012-09-02'),(9,2,'07420104','小海','18621598333','12321@123.com','Y',2,'2012-07-28',2,'2012-09-02'),(10,2,'07420105','小朱','18621598333','12321@123.com','Y',2,'2012-07-28',2,'2012-09-02'),(11,2,'07420106','小杨','18621598333','12321@123.com','Y',2,'2012-07-28',2,'2012-09-24'),(12,1,'07420201','小郑','18621598333','213@163.com','Y',2,'2012-07-29',2,'2013-06-04'),(13,1,'07420203','张三','18621598333','213@163.com','Y',2,'2012-07-29',2,'2012-09-02'),(14,1,'07420202','小曾','18621598333','213@163.com','Y',2,'2012-07-29',2,'2012-09-02'),(15,1,'07420204','小牛','18621598333','213@163.com','Y',2,'2012-07-29',2,'2012-09-02'),(16,3,'07400101','小王','123456789','hello@163.com','Y',2,'2012-08-23',2,'2013-06-08'),(17,3,'07400102','小明','123456789','123@sina.com','Y',21,'2012-08-30',2,'2012-09-02'),(18,3,'07400103','小胡','123456789','12323@sina.com','Y',2,'2012-08-30',2,'2012-09-02'),(19,3,'07400104','小马','123456789','123@sina.com','Y',2,'2012-08-30',2,'2012-09-02'),(20,4,'07440101','小段','123213213','123@123.com','Y',21,'2012-09-22',21,'2012-09-22'),(21,6,'07440201','小毛','123213213','huang@163.com','Y',2,'2012-09-27',2,'2012-09-27');

/*Table structure for table `fnd_teacher` */

DROP TABLE IF EXISTS `fnd_teacher`;

CREATE TABLE `fnd_teacher` (
  `teacher_id` int(11) NOT NULL AUTO_INCREMENT,
  `teacher_code` varchar(100) NOT NULL,
  `teacher_name` varchar(200) NOT NULL,
  `telphone_num` varchar(20) DEFAULT NULL,
  `email` varchar(100) DEFAULT NULL,
  `enable_flag` char(1) DEFAULT NULL,
  `create_by` int(11) DEFAULT NULL,
  `create_date` date DEFAULT NULL,
  `last_update_by` int(11) DEFAULT NULL,
  `last_update_date` date DEFAULT NULL,
  PRIMARY KEY (`teacher_id`),
  UNIQUE KEY `teacher_code` (`teacher_code`),
  KEY `teacher_name` (`teacher_name`)
) ENGINE=InnoDB AUTO_INCREMENT=5 DEFAULT CHARSET=utf8;

/*Data for the table `fnd_teacher` */

insert  into `fnd_teacher`(`teacher_id`,`teacher_code`,`teacher_name`,`telphone_num`,`email`,`enable_flag`,`create_by`,`create_date`,`last_update_by`,`last_update_date`) values (1,'10000','黄炯','13888889999','nfwork@sina.com','Y',2,'2012-05-08',2,'2013-06-04'),(2,'ADMIN','测试老师','12334345454','yangyong@sina.com','Y',2,'2012-05-17',21,'2012-09-22'),(3,'10010','杨永','13888889999','yangyong@sina.com','Y',2,'2012-07-07',2,'2013-08-14'),(4,'10020','尹小军','12334345454','yangyong@sina.com','Y',2,'2012-07-27',21,'2012-10-16');

/*Table structure for table `gc_employee` */

DROP TABLE IF EXISTS `gc_employee`;

CREATE TABLE `gc_employee` (
  `employee_id` int(11) NOT NULL AUTO_INCREMENT,
  `employee_code` varchar(100) NOT NULL,
  `employee_name` varchar(200) NOT NULL,
  PRIMARY KEY (`employee_id`),
  UNIQUE KEY `employee_code` (`employee_code`)
) ENGINE=InnoDB AUTO_INCREMENT=6 DEFAULT CHARSET=utf8;

/*Data for the table `gc_employee` */

insert  into `gc_employee`(`employee_id`,`employee_code`,`employee_name`) values (1,'HJ','黄炯'),(2,'YXJ','尹小军'),(3,'YFQ','杨凤娇'),(4,'YSM','尹双枚'),(5,'DSF','dsf');

/*Table structure for table `gc_project` */

DROP TABLE IF EXISTS `gc_project`;

CREATE TABLE `gc_project` (
  `project_id` int(11) NOT NULL AUTO_INCREMENT,
  `project_code` varchar(100) NOT NULL,
  `project_name` varchar(200) NOT NULL,
  `price` int(11) NOT NULL,
  PRIMARY KEY (`project_id`),
  UNIQUE KEY `branch_code` (`project_code`)
) ENGINE=InnoDB AUTO_INCREMENT=3 DEFAULT CHARSET=utf8;

/*Data for the table `gc_project` */

insert  into `gc_project`(`project_id`,`project_code`,`project_name`,`price`) values (1,'YJHY','怡景花园工程',100),(2,'NNN','www',455);

/*Table structure for table `gc_work_record` */

DROP TABLE IF EXISTS `gc_work_record`;

CREATE TABLE `gc_work_record` (
  `work_id` int(11) NOT NULL AUTO_INCREMENT,
  `employee_id` int(11) NOT NULL,
  `work_date` date NOT NULL,
  `project_id` int(11) NOT NULL,
  `settlement_flag` char(1) DEFAULT NULL,
  `settlement_date` date DEFAULT NULL,
  PRIMARY KEY (`work_id`)
) ENGINE=InnoDB AUTO_INCREMENT=361 DEFAULT CHARSET=utf8;

/*Data for the table `gc_work_record` */

insert  into `gc_work_record`(`work_id`,`employee_id`,`work_date`,`project_id`,`settlement_flag`,`settlement_date`) values (5,1,'2013-06-01',1,'Y','2013-06-26'),(6,1,'2013-06-02',1,'Y','2013-06-26'),(8,1,'2013-06-04',1,'Y','2013-06-26'),(11,1,'2013-06-07',1,'Y','2013-06-26'),(12,1,'2013-06-08',1,'Y','2013-06-26'),(13,1,'2013-06-09',1,'Y','2013-06-26'),(14,1,'2013-06-10',1,'Y','2013-06-26'),(15,2,'2013-06-03',1,'Y','2013-06-26'),(16,2,'2013-06-04',1,'Y','2013-06-26'),(17,2,'2013-06-05',1,'Y','2013-06-26'),(18,2,'2013-06-06',1,'Y','2013-06-26'),(19,2,'2013-06-07',1,'Y','2013-06-26'),(20,2,'2013-06-10',1,'Y','2013-06-26'),(21,2,'2013-06-11',1,'Y','2013-06-26'),(22,1,'2013-06-26',1,'Y','2013-06-26'),(25,1,'2013-06-14',1,'Y','2013-06-26'),(27,1,'2013-06-05',1,'Y','2013-06-26'),(28,1,'2013-05-04',1,'Y','2013-06-26'),(29,1,'2013-06-12',1,'Y','2013-06-26'),(39,3,'2013-06-08',1,'Y','2013-06-26'),(40,3,'2013-06-09',1,'Y','2013-06-26'),(41,3,'2013-06-10',1,'Y','2013-06-26'),(42,3,'2013-06-11',1,'Y','2013-06-26'),(43,3,'2013-06-12',1,'Y','2013-06-26'),(44,3,'2013-06-13',1,'Y','2013-06-26'),(45,3,'2013-06-14',1,'Y','2013-06-26'),(46,3,'2013-06-15',1,'Y','2013-06-26'),(47,3,'2013-06-16',1,'Y','2013-06-26'),(48,3,'2013-06-17',1,'Y','2013-06-26'),(49,3,'2013-06-18',1,'Y','2013-06-26'),(50,3,'2013-06-19',1,'Y','2013-06-26'),(51,4,'2013-06-13',1,'Y','2013-06-26'),(52,4,'2013-06-14',1,'Y','2013-06-26'),(53,4,'2013-06-15',1,'Y','2013-06-26'),(54,4,'2013-06-16',1,'Y','2013-06-26'),(55,4,'2013-06-17',1,'Y','2013-06-26'),(56,4,'2013-06-18',1,'Y','2013-06-26'),(57,4,'2013-06-19',1,'Y','2013-06-26'),(58,4,'2013-06-20',1,'Y','2013-06-26'),(62,2,'2013-06-09',1,NULL,NULL),(64,2,'2013-06-08',1,NULL,NULL),(163,4,'2013-07-01',1,NULL,NULL),(164,4,'2013-07-02',1,NULL,NULL),(165,4,'2013-07-03',1,NULL,NULL),(166,4,'2013-07-04',1,NULL,NULL),(167,4,'2013-07-05',1,NULL,NULL),(168,4,'2013-07-06',1,NULL,NULL),(172,1,'2013-04-23',1,NULL,NULL),(173,1,'2013-04-24',1,NULL,NULL),(174,1,'2013-04-25',1,NULL,NULL),(175,1,'2013-04-30',1,NULL,NULL),(176,1,'2013-04-11',1,NULL,NULL),(178,1,'2013-04-01',1,NULL,NULL),(180,1,'2013-04-03',1,NULL,NULL),(181,1,'2013-04-04',1,NULL,NULL),(182,1,'2013-04-08',1,NULL,NULL),(184,4,'2013-12-10',1,NULL,NULL),(185,4,'2013-12-11',1,NULL,NULL),(186,4,'2013-12-12',1,NULL,NULL),(187,4,'2013-12-13',1,NULL,NULL),(188,4,'2013-12-16',1,NULL,NULL),(189,4,'2013-12-17',1,NULL,NULL),(190,4,'2013-12-18',1,NULL,NULL),(191,4,'2013-12-19',1,NULL,NULL),(192,4,'2013-12-20',1,NULL,NULL),(193,4,'2013-12-23',1,NULL,NULL),(194,4,'2013-12-24',1,NULL,NULL),(195,4,'2013-12-25',1,NULL,NULL),(196,4,'2013-12-26',1,NULL,NULL),(197,4,'2013-12-27',1,NULL,NULL),(198,4,'2013-12-06',1,NULL,NULL),(199,4,'2013-12-05',1,NULL,NULL),(200,4,'2013-12-04',1,NULL,NULL),(201,4,'2013-10-09',1,NULL,NULL),(203,4,'2013-12-30',1,NULL,NULL),(204,4,'2013-06-30',1,NULL,NULL),(219,3,'2013-04-09',1,NULL,NULL),(220,3,'2013-04-10',1,NULL,NULL),(221,3,'2013-04-11',1,NULL,NULL),(222,3,'2013-04-12',1,NULL,NULL),(223,3,'2013-04-13',1,NULL,NULL),(224,3,'2013-04-06',1,NULL,NULL),(225,3,'2013-04-05',1,NULL,NULL),(226,3,'2013-04-04',1,NULL,NULL),(227,3,'2013-04-03',1,NULL,NULL),(228,3,'2013-04-02',1,NULL,NULL),(229,3,'2013-04-01',1,NULL,NULL),(230,3,'2013-04-07',1,NULL,NULL),(231,3,'2013-04-08',1,NULL,NULL),(232,3,'2013-04-14',1,NULL,NULL),(233,3,'2013-04-15',1,NULL,NULL),(234,3,'2013-07-17',1,NULL,NULL),(235,3,'2013-07-18',1,NULL,NULL),(236,3,'2013-07-23',1,NULL,NULL),(237,3,'2013-07-22',1,NULL,NULL),(238,3,'2013-08-14',1,NULL,NULL),(239,3,'2013-08-15',1,NULL,NULL),(240,3,'2013-08-30',1,NULL,NULL),(241,4,'2013-08-14',1,NULL,NULL),(242,4,'2013-08-23',1,NULL,NULL),(253,1,'2013-06-06',1,NULL,NULL),(254,1,'2013-06-11',1,NULL,NULL),(255,1,'2013-06-03',1,NULL,NULL),(258,1,'2013-06-13',1,NULL,NULL),(259,1,'2013-07-27',1,NULL,NULL),(260,2,'2013-07-27',1,NULL,NULL),(261,3,'2013-07-27',1,NULL,NULL),(262,4,'2013-07-27',1,NULL,NULL),(263,2,'2013-07-28',1,NULL,NULL),(264,3,'2013-07-28',1,NULL,NULL),(265,4,'2013-07-28',1,NULL,NULL),(266,1,'2013-07-28',1,NULL,NULL),(267,3,'2013-08-16',1,NULL,NULL),(268,3,'2013-08-17',1,NULL,NULL),(277,1,'2013-09-06',1,NULL,NULL),(297,1,'2014-05-29',1,NULL,NULL),(308,1,'2014-06-08',1,NULL,NULL),(310,1,'2014-06-16',1,NULL,NULL),(312,1,'2014-06-18',1,NULL,NULL),(313,1,'2014-06-22',1,NULL,NULL),(316,1,'2014-06-02',1,NULL,NULL),(318,1,'2014-06-10',1,NULL,NULL),(319,1,'2014-06-24',1,NULL,NULL),(320,1,'2014-06-30',1,NULL,NULL),(321,1,'2014-06-26',1,NULL,NULL),(323,1,'2014-06-12',1,NULL,NULL),(324,1,'2014-06-06',1,NULL,NULL),(325,1,'2014-06-04',1,NULL,NULL),(326,1,'2014-06-20',1,NULL,NULL),(327,1,'2014-06-14',1,NULL,NULL),(328,1,'2014-06-28',1,NULL,NULL),(339,3,'2014-06-11',1,NULL,NULL),(340,3,'2014-06-19',1,NULL,NULL),(341,3,'2014-06-18',1,NULL,NULL),(342,3,'2014-06-25',1,NULL,NULL),(345,3,'2014-06-26',1,NULL,NULL),(346,3,'2014-06-20',1,NULL,NULL),(347,3,'2012-03-14',1,NULL,NULL),(348,3,'2012-03-15',1,NULL,NULL),(349,3,'2012-03-16',1,NULL,NULL),(350,3,'2012-03-24',1,NULL,NULL),(351,3,'2012-03-28',1,NULL,NULL),(352,3,'2012-03-20',1,NULL,NULL),(354,3,'2012-03-30',1,NULL,NULL),(355,3,'2012-03-23',1,NULL,NULL),(357,5,'2014-08-06',2,NULL,NULL),(358,5,'2014-08-07',2,NULL,NULL),(359,5,'2014-08-08',2,NULL,NULL),(360,5,'2014-08-13',2,NULL,NULL);

/*Table structure for table `job_headers` */

DROP TABLE IF EXISTS `job_headers`;

CREATE TABLE `job_headers` (
  `header_id` char(24) NOT NULL,
  `class_id` int(11) NOT NULL,
  `course_id` int(11) DEFAULT NULL,
  `teacher_id` int(11) NOT NULL,
  `end_time` date NOT NULL,
  `status` varchar(10) NOT NULL COMMENT '状态',
  `title` varchar(200) NOT NULL COMMENT '标题',
  `description` varchar(2000) DEFAULT NULL COMMENT '描述',
  `create_by` int(11) NOT NULL,
  `create_date` date NOT NULL,
  `last_update_by` int(11) NOT NULL,
  `last_update_date` date NOT NULL,
  PRIMARY KEY (`header_id`),
  KEY `tile` (`title`)
) ENGINE=InnoDB DEFAULT CHARSET=utf8;

/*Data for the table `job_headers` */

insert  into `job_headers`(`header_id`,`class_id`,`course_id`,`teacher_id`,`end_time`,`status`,`title`,`description`,`create_by`,`create_date`,`last_update_by`,`last_update_date`) values ('23CNJT5SGVQSDXA6AQWTTR98',2,6,2,'2014-06-27','END','111','1111',2,'2014-06-26',2,'2014-06-26'),('6L1AUD7HO9P7XK9SPDCB2NDM',2,6,2,'2012-09-21','END','c语言作业三','c语言作业三，练习题1、2、3、4、5、6',2,'2012-09-01',2,'2012-09-01'),('6W277M94DI9GNAL5132C4VNI',2,6,2,'2012-12-18','END','testq','testq',2,'2012-12-17',2,'2012-12-17'),('746SBK6A6IYTHCGDZL5Y7802',1,5,1,'2012-08-24','DOWN','Java课程设计 练习题一','Java课程设计 练习题一 完成1、2、3、7、8题，请在周五之前完成。',1,'2012-08-20',1,'2012-08-20'),('8VQ7YJTF2KF0NR35F9FB6ATX',2,6,2,'2014-10-22','NEW','32323','eweeeeee',2,'2014-10-08',2,'2014-10-08'),('AYV97UZL07SED3FBOIPAQ3WB',2,6,2,'2013-05-24','DOWN','sadsadsa','asdasdas12描述:作业题目:\n',2,'2013-05-30',2,'2013-06-24'),('DYAB8KAAPC2V5K6QAT1UPFEL',2,6,2,'2014-07-16','CHECK','111',NULL,2,'2014-07-15',2,'2014-08-04'),('EGI1BF81XF2Q34AFV9XX1PVK',2,6,2,'2013-05-30','END','test','test123 123 123 123',2,'2013-05-31',2,'2013-06-06'),('EK2Q9IYKR0EJ3UT87Q3LQD54',2,4,1,'2012-11-30','NEW','Java课程设计','Java课程设计',1,'2012-11-24',1,'2013-04-29'),('HDNJWDRZNJI1314AZ2Y0IOEH',2,6,2,'2013-04-18','END','test0002','234324234',2,'2013-04-29',2,'2013-04-29'),('HLXEZZWQL5IQV1J3S9MA19CB',2,6,2,'2012-08-17','END','Java课后系统一','Java课后系统一 1、3、4、6、7、8题，请按时完成。',2,'2012-08-08',2,'2012-08-08'),('HTBVO5F7VX71AK51NKUDB6VX',1,9,1,'2012-08-17','END','c语言 课后系统一','c语言 课后系统一',1,'2012-08-08',1,'2012-08-08'),('J42ZC7XR85ZU8ODX325RRTCE',2,6,2,'2012-08-09','END','C语言程序设计练习题二','C语言程序设计练习题二 1、2、3、5、6题 ，请按时完成。\r\n东方网9月29日消息：记者从外交部获悉，昨天，以“维护政治基础，把握发展方向”为主题的中日邦交正常化40周年座谈会在北京举行。外交部部长助理乐玉成在讲话中指出，日本不要再幻想霸占钓鱼岛，派人到中国来解释几句就万事大吉，如果继续一意孤行，中日关系这条大船就可能像“泰坦尼克”号一样触礁沉没。',2,'2012-08-08',2,'2012-09-29'),('KJ2RECRHMCGQI1S7KC90FO5J',2,6,2,'2012-08-18','END','\'测试引号\"','测试引号是否显示正常\'\'\'\'\"\"\"/\"/\"dddd\'\'\'\'\'\',,,,777777n/////',2,'2012-08-15',2,'2012-09-27'),('LR6CLROGCRTS5I89XR8LQYJA',2,6,2,'2013-06-19','END','12','12321321321312sdfdsfdsf',2,'2013-06-05',2,'2013-06-06'),('NH7NGCC7441061F336TWI4FH',2,6,2,'2013-10-31','END','测试',NULL,2,'2013-10-18',2,'2013-10-18'),('NNRXIJ577ZZHRYDG9V6M1EHP',1,9,1,'2012-08-31','END','Java课后系统二','Java课后系统二 1、3、4、5、8、9题',1,'2012-08-24',1,'2012-08-24'),('NRVQYY8V8PJZGTCMH4M176CK',1,9,1,'2012-08-24','DOWN','C语言作业联系题二','C语言作业联系题二，完成1、2、3、6、7题',1,'2012-08-17',1,'2012-08-17'),('OW3JXYY9ZGI5I9C7VSS2HT6S',1,7,3,'2012-08-17','NEW','数据库原理课后系统一','数据库原理课后系统一 1、2、4、5、15、18题，请按时完成。',9,'2012-08-08',9,'2012-08-08'),('PKQBL6Y4L0SXXVD116L71DJP',4,19,1,'2013-06-11','NEW','test001','hello kity',1,'2013-06-03',1,'2013-06-03'),('SD6OGB1WJFQHQP2MVR35GO7U',2,6,2,'2013-04-17','END','123','测试作业',2,'2013-04-09',2,'2013-04-10'),('UO80AC6RPU64DF6C7KUIVQOA',2,8,3,'2012-08-17','DOWN','数据库原理课后练习一','数据库原理课后练习一 1、2、3、5、6，请按时完成。',9,'2012-08-08',9,'2012-08-08'),('VBBJ88XTT92UUG4X0M0A5X2N',3,13,4,'2012-08-31','NEW','计算机网络课后练习题一','计算机网络课后练习题一 1、2、3、4、5题。',11,'2012-08-23',11,'2012-08-23'),('WAZNJYUD0YYYY9IOR918YFQF',1,9,1,'2012-10-05','DOWN','hello kity','hello kity',1,'2012-09-21',1,'2012-09-21'),('X676YPIAZ4RKVQTNON2TDAO6',2,6,2,'2013-04-26','DOWN','新增作业测试','新增作业测试 hello kity',2,'2013-04-20',2,'2013-04-20'),('XNGIA1T22VB0OK1HTGQBVW7W',2,6,2,'2013-10-31','END','hello kity',NULL,2,'2013-10-22',2,'2013-10-22'),('XSF060BUDZNTYVAU1VALQ89S',2,6,2,'2014-07-15','END','111','11',2,'2014-07-08',2,'2014-07-08'),('ZSQS6SUD9HDZYVKYNLF5HCTP',1,12,4,'2012-08-23','DOWN','JSJ005-计算机导论 习题一','JSJ005-计算机导论 习题一 1、2、3、4',11,'2012-08-22',11,'2012-08-22');

/*Table structure for table `job_lines` */

DROP TABLE IF EXISTS `job_lines`;

CREATE TABLE `job_lines` (
  `line_id` char(24) NOT NULL,
  `header_id` char(24) NOT NULL COMMENT '头id',
  `student_id` int(11) DEFAULT NULL COMMENT '学生id',
  `description` varchar(2000) DEFAULT NULL COMMENT '描述',
  `score` float DEFAULT NULL COMMENT '分数',
  `teacher_comment` varchar(2000) DEFAULT NULL COMMENT '老师评语',
  `grade` varchar(200) DEFAULT NULL COMMENT '等级',
  `status` varchar(100) DEFAULT NULL,
  `create_by` int(11) NOT NULL,
  `create_date` date NOT NULL,
  `last_update_by` int(11) NOT NULL,
  `last_update_date` date NOT NULL,
  PRIMARY KEY (`line_id`),
  UNIQUE KEY `student_id` (`student_id`,`header_id`),
  KEY `header_id` (`header_id`)
) ENGINE=InnoDB DEFAULT CHARSET=utf8;

/*Data for the table `job_lines` */

insert  into `job_lines`(`line_id`,`header_id`,`student_id`,`description`,`score`,`teacher_comment`,`grade`,`status`,`create_by`,`create_date`,`last_update_by`,`last_update_date`) values ('0POBIYQQO31WGHEEL12C1HGP','746SBK6A6IYTHCGDZL5Y7802',4,'123',NULL,NULL,NULL,'SUBMIT',2,'2012-08-21',2,'2012-08-21'),('11DQAQYW9F7ETBXY9ZDR3NF6','6W277M94DI9GNAL5132C4VNI',5,NULL,NULL,NULL,NULL,'NEW',7,'2013-05-30',7,'2013-05-30'),('3A9R9CSVJHHA1PG4ACRU1YZR','ZSQS6SUD9HDZYVKYNLF5HCTP',1,NULL,NULL,NULL,NULL,'NEW',4,'2012-09-01',4,'2012-09-01'),('3I6AP58IDFALNQA6SSRJBIVC','NNRXIJ577ZZHRYDG9V6M1EHP',13,NULL,NULL,NULL,NULL,'NEW',17,'2012-09-21',17,'2012-09-21'),('4LT0BNTBBCXCF6F92JIGR21N','UO80AC6RPU64DF6C7KUIVQOA',5,'已经完成，请验收。时间刚刚好，哈哈哈。。。。。',NULL,NULL,NULL,'SUBMIT',7,'2012-08-08',7,'2012-08-08'),('50PDF31TUPKG6PNI9KY6HH9L','HLXEZZWQL5IQV1J3S9MA19CB',6,NULL,NULL,NULL,NULL,'NEW',8,'2012-09-01',8,'2012-09-01'),('59GVTWUY21VY0XLFG5IOSPFF','ZSQS6SUD9HDZYVKYNLF5HCTP',4,'123',NULL,NULL,NULL,'SUBMIT',2,'2012-08-23',2,'2012-08-23'),('78EDRBZEWBAOE764XQU62C6A','WAZNJYUD0YYYY9IOR918YFQF',13,NULL,NULL,NULL,NULL,'NEW',17,'2012-09-21',17,'2012-09-21'),('7AKWEZIFDIN89W0N8Q911JDL','HLXEZZWQL5IQV1J3S9MA19CB',7,NULL,NULL,NULL,NULL,'NEW',10,'2012-09-01',10,'2012-09-01'),('7FZ9Q2G5E1BD3WXSVXD5MF0V','NNRXIJ577ZZHRYDG9V6M1EHP',4,'已经完成了',77,'一塌糊涂','合格','END',2,'2012-09-01',1,'2013-02-27'),('8FFFJLICRL2ZO9SIQM6120EU','NRVQYY8V8PJZGTCMH4M176CK',3,NULL,NULL,NULL,NULL,'NEW',5,'2012-08-20',5,'2012-08-20'),('8I5Y6E1R5L5NKYFPEP0PW2JI','6L1AUD7HO9P7XK9SPDCB2NDM',7,NULL,NULL,NULL,NULL,'NEW',10,'2012-09-01',10,'2012-09-01'),('8J50NF7CMJXTDNJ27DLWHIEH','SD6OGB1WJFQHQP2MVR35GO7U',5,NULL,NULL,NULL,NULL,'NEW',7,'2013-05-30',7,'2013-05-30'),('BKQAK25RZ6WTT0MT8T3213LQ','NNRXIJ577ZZHRYDG9V6M1EHP',1,NULL,NULL,NULL,NULL,'NEW',4,'2012-09-01',4,'2012-09-01'),('C10K6Y5HP2XNGW7HAO1ANSKI','WAZNJYUD0YYYY9IOR918YFQF',12,'yes',NULL,NULL,NULL,'SUBMIT',16,'2012-09-21',16,'2012-09-21'),('DH1IL3JF1WFFLP7GIAEFN09J','UO80AC6RPU64DF6C7KUIVQOA',6,NULL,NULL,NULL,NULL,'NEW',8,'2012-09-01',8,'2012-09-01'),('EG2IXYYH3AVHBLEXD7GAJN5R','HLXEZZWQL5IQV1J3S9MA19CB',10,'已经完成了，请测试',80,'不错，蛮好的，继续加油','良好','END',14,'2012-08-08',2,'2012-08-27'),('EKVHIS6ABAD6IOZ04AQQL3ZU','NNRXIJ577ZZHRYDG9V6M1EHP',12,'wancheng',89,'继续加油','良好','END',16,'2012-09-21',1,'2013-02-27'),('GBJ8FL97WE5JO95EO0K56R5E','746SBK6A6IYTHCGDZL5Y7802',3,'已经做好了，请查收',NULL,NULL,NULL,'SUBMIT',5,'2012-08-20',5,'2012-08-20'),('HEIIPX1GSCJZ6CK6IQ5IDXNM','WAZNJYUD0YYYY9IOR918YFQF',3,NULL,NULL,NULL,NULL,'NEW',5,'2012-10-17',5,'2012-10-17'),('HPOSPGLAMLQA70HQK08MNXR0','ZSQS6SUD9HDZYVKYNLF5HCTP',8,'好了啊',NULL,NULL,NULL,'SUBMIT',12,'2012-09-01',12,'2012-09-01'),('HR4PCHJOEMVPFTFS7C5FVT4O','NRVQYY8V8PJZGTCMH4M176CK',1,NULL,NULL,NULL,NULL,'NEW',4,'2012-09-01',4,'2012-09-01'),('HZKIV5H3COIXTETYILNGEU2E','HTBVO5F7VX71AK51NKUDB6VX',8,'已经完成了，请验收',85,'嗯，也不错','良好','END',12,'2012-08-08',1,'2012-08-13'),('I9MUCV1WOWZX1VQA94FJ9OVI','NRVQYY8V8PJZGTCMH4M176CK',13,NULL,NULL,NULL,NULL,'NEW',17,'2012-09-21',17,'2012-09-21'),('ISRWDUSCCRAQYXBMTTJVD5K8','ZSQS6SUD9HDZYVKYNLF5HCTP',13,NULL,NULL,NULL,NULL,'NEW',17,'2012-09-21',17,'2012-09-21'),('IYF5ZW3CBWNS4QO1F4NE2S8M','746SBK6A6IYTHCGDZL5Y7802',8,'ok啊',NULL,NULL,NULL,'SUBMIT',12,'2012-09-01',12,'2012-09-01'),('JIRLT8RVBEL9XY88TQFTW5F6','HLXEZZWQL5IQV1J3S9MA19CB',5,'已经完成，请验收',96,'非常好','优秀','END',7,'2012-08-08',2,'2012-08-27'),('JPNDSL8ARUKNO4KPMW1VRG7G','X676YPIAZ4RKVQTNON2TDAO6',5,NULL,NULL,NULL,NULL,'NEW',7,'2013-05-30',7,'2013-05-30'),('K2B7MHV57MSXMJIRYBFGY7RR','NNRXIJ577ZZHRYDG9V6M1EHP',3,'已经完成',87,NULL,'良好','END',5,'2012-10-17',1,'2012-10-29'),('LJDA087KCZDONFSJDDFHY3VH','746SBK6A6IYTHCGDZL5Y7802',12,'haole',NULL,NULL,NULL,'SUBMIT',16,'2012-08-23',16,'2012-08-23'),('LZK5D7MKMOUQX4FDGAYCP255','HTBVO5F7VX71AK51NKUDB6VX',3,NULL,NULL,NULL,NULL,'NEW',5,'2012-08-13',5,'2012-08-13'),('MC2LFPDKCRZQGYF6LWMBXFNO','HTBVO5F7VX71AK51NKUDB6VX',12,'已经做好了，请老师查看。谢谢',100,'太漂亮了，加油','优秀','END',16,'2012-08-09',1,'2012-08-13'),('MYMOQH98CB6IHMW19BOHWRWY','ZSQS6SUD9HDZYVKYNLF5HCTP',12,'haole',NULL,NULL,NULL,'SUBMIT',16,'2012-08-23',16,'2012-08-23'),('O2INGU7D9YMCYULQQ4NMH2TY','NRVQYY8V8PJZGTCMH4M176CK',4,'123',NULL,NULL,NULL,'SUBMIT',2,'2012-08-18',2,'2012-08-18'),('OM1AM8Z930JTTIN86J7L8ZG1','HTBVO5F7VX71AK51NKUDB6VX',1,NULL,NULL,NULL,NULL,'NEW',4,'2012-09-01',4,'2012-09-01'),('OOOW1YATNIENR6ZZMZWL9IHF','WAZNJYUD0YYYY9IOR918YFQF',8,'没有问题了啊',NULL,NULL,NULL,'SUBMIT',12,'2012-10-29',12,'2012-10-29'),('PRUIC7HGJ0H00MDPQYBRVF4I','NRVQYY8V8PJZGTCMH4M176CK',12,'ok',NULL,NULL,NULL,'SUBMIT',16,'2012-08-23',16,'2012-08-23'),('PXABL2S1CXCIHO6JIVIODWK9','UO80AC6RPU64DF6C7KUIVQOA',7,NULL,NULL,NULL,NULL,'NEW',10,'2012-09-01',10,'2012-09-01'),('QRM215VS9WOSF56Y0JG9UNC2','J42ZC7XR85ZU8ODX325RRTCE',5,NULL,NULL,NULL,NULL,'NEW',7,'2013-05-30',7,'2013-05-30'),('RR67IWIZ38W8RLVGEYSEALPK','6L1AUD7HO9P7XK9SPDCB2NDM',5,NULL,NULL,NULL,NULL,'NEW',7,'2012-09-27',7,'2012-09-27'),('U5OTVO71K8ZCKES8BO91Y78Z','KJ2RECRHMCGQI1S7KC90FO5J',5,NULL,NULL,NULL,NULL,'NEW',7,'2013-05-30',7,'2013-05-30'),('VKCVEFHSY8KITBUSNCTHJB1T','746SBK6A6IYTHCGDZL5Y7802',1,NULL,NULL,NULL,NULL,'NEW',4,'2012-09-01',4,'2012-09-01'),('VQPH0RXULA7S1NLKP6F12ATI','HTBVO5F7VX71AK51NKUDB6VX',4,NULL,NULL,NULL,NULL,'NEW',2,'2012-08-08',2,'2012-08-08'),('W7W233CL05ZLUSGPK1KC6OQQ','NNRXIJ577ZZHRYDG9V6M1EHP',8,'好了',88.5,'嗯，不错','良好','END',12,'2012-10-29',1,'2013-02-27'),('W8K6O9GQ8BBTZ3Z804NKUJEE','HTBVO5F7VX71AK51NKUDB6VX',13,NULL,NULL,NULL,NULL,'NEW',17,'2012-09-21',17,'2012-09-21'),('WCJB3N797CU999YSIAFJH1L4','ZSQS6SUD9HDZYVKYNLF5HCTP',3,'hjhg',NULL,NULL,NULL,'SUBMIT',5,'2012-10-17',5,'2012-10-17'),('XP4NUZEYB55BWKZWX2QZEAUR','HDNJWDRZNJI1314AZ2Y0IOEH',5,NULL,NULL,NULL,NULL,'NEW',7,'2013-05-30',7,'2013-05-30'),('XXZYD40LA2H5CCNX39CEBF9B','6L1AUD7HO9P7XK9SPDCB2NDM',6,NULL,NULL,NULL,NULL,'NEW',8,'2012-09-01',8,'2012-09-01'),('YRJ95HHOFS65CV9L3IE4Y6EW','NRVQYY8V8PJZGTCMH4M176CK',8,'已经完成，快吧。',NULL,NULL,NULL,'SUBMIT',12,'2012-08-17',12,'2012-08-17'),('Z9X5SZ7RH3EIGV3D6PLXS3FQ','WAZNJYUD0YYYY9IOR918YFQF',4,'123',NULL,NULL,NULL,'SUBMIT',2,'2012-09-21',2,'2012-09-21'),('ZESVPPOYL2D2T0G8F1NWVGUD','746SBK6A6IYTHCGDZL5Y7802',13,NULL,NULL,NULL,NULL,'NEW',17,'2012-09-21',17,'2012-09-21');

/*Table structure for table `sys_access_control` */

DROP TABLE IF EXISTS `sys_access_control`;

CREATE TABLE `sys_access_control` (
  `ac_id` int(11) NOT NULL AUTO_INCREMENT,
  `url` varchar(500) NOT NULL,
  `enable_flag` char(1) NOT NULL,
  `create_by` int(11) NOT NULL,
  `create_date` date NOT NULL,
  `last_update_by` int(11) NOT NULL,
  `last_update_date` date NOT NULL,
  PRIMARY KEY (`ac_id`),
  KEY `url` (`url`(255))
) ENGINE=InnoDB AUTO_INCREMENT=44 DEFAULT CHARSET=utf8;

/*Data for the table `sys_access_control` */

insert  into `sys_access_control`(`ac_id`,`url`,`enable_flag`,`create_by`,`create_date`,`last_update_by`,`last_update_date`) values (1,'modules/sys/function.jsp','F',1,'2012-01-22',2,'2012-03-24'),(2,'modules/sys/user.jsp','F',2,'2012-03-05',2,'2012-03-24'),(4,'main.jsp','S',2,'2012-03-05',2,'2012-03-24'),(5,'left.jsp','S',2,'2012-03-05',2,'2013-06-25'),(6,'modules/sys/accessControl.jsp','F',2,'2012-03-05',2,'2012-03-24'),(7,'modules/sys/module.jsp','F',2,'2012-03-05',2,'2012-03-24'),(8,'modules/sys/role.jsp','F',2,'2012-03-05',2,'2012-03-24'),(9,'modules/sys/power.jsp','F',2,'2012-03-05',2,'2012-03-24'),(10,'system.jsp','F',2,'2012-03-21',2,'2012-08-16'),(12,'modules/sys/function.query','F',2,'2012-04-26',2,'2012-04-26'),(13,'modules/fnd/teacher.jsp','F',2,'2012-05-08',2,'2012-05-08'),(15,'modules/fnd/class.jsp','F',2,'2012-05-08',2,'2012-05-08'),(16,'modules/fnd/student.jsp','F',2,'2012-05-08',2,'2012-05-08'),(17,'modules/job/jobManage.jsp','F',2,'2012-05-09',2,'2012-05-09'),(18,'modules/job/newJob.jsp','F',2,'2012-05-09',2,'2012-05-09'),(19,'modules/job/myJob.jsp','F',2,'2012-05-10',2,'2012-05-10'),(20,'modules/job/myHistoryJob.jsp','F',2,'2012-05-17',2,'2012-05-17'),(21,'modules/job/jobQuery.jsp','F',2,'2012-05-22',2,'2012-05-22'),(22,'modules/job/showCheckedJob.jsp','F',2,'2012-07-07',2,'2012-07-07'),(23,'modules/job/showMyJob.jsp','F',2,'2012-07-07',2,'2012-07-07'),(24,'uploadShow.jsp','S',2,'2012-07-07',2,'2012-07-07'),(25,'modules/job/updateMyJob.jsp','F',2,'2012-07-07',2,'2012-07-07'),(26,'modules/job/showJob.jsp','F',2,'2012-07-07',2,'2012-07-07'),(27,'modules/job/updateJob.jsp','F',2,'2012-07-07',2,'2012-07-07'),(28,'modules/job/myJobQuery.jsp','F',2,'2012-07-19',2,'2012-07-19'),(29,'modules/cos/courseQuery.jsp','F',2,'2012-07-30',2,'2012-07-30'),(30,'modules/cos/course.jsp','F',2,'2012-07-30',2,'2012-07-30'),(31,'cos/course.query','F',2,'2012-08-08',2,'2012-09-28'),(32,'sys/power.query','F',2,'2012-08-08',2,'2012-08-08'),(33,'sys/accessControl.query','F',2,'2012-08-08',2,'2012-08-08'),(34,'sys/role.query','F',2,'2012-08-08',2,'2012-08-08'),(35,'upload.query','S',2,'2012-08-08',2,'2012-08-08'),(36,'sys/function.query','F',2,'2012-08-08',2,'2012-08-08'),(37,'sys/module.query','F',2,'2012-08-08',2,'2012-08-08'),(38,'sys/user.query','F',2,'2012-08-08',2,'2012-08-08'),(39,'download.jsp','S',2,'2012-08-09',2,'2012-08-09'),(40,'modules/sys/pagerAssign.jsp','F',2,'2012-08-15',2,'2012-08-15'),(41,'functionLoad.query!load','S',2,'2012-08-17',2,'2012-08-17'),(42,'modules/fnd/branch.jsp','F',2,'2012-08-18',2,'2012-08-18'),(43,'index.jsp','S',2,'2013-07-26',2,'2013-07-26');

/*Table structure for table `sys_code` */

DROP TABLE IF EXISTS `sys_code`;

CREATE TABLE `sys_code` (
  `code_id` int(11) NOT NULL AUTO_INCREMENT,
  `code` varchar(200) NOT NULL,
  `code_value` varchar(400) NOT NULL,
  `code_name` varchar(400) NOT NULL,
  `priority` int(11) DEFAULT NULL,
  PRIMARY KEY (`code_id`),
  KEY `code` (`code`)
) ENGINE=InnoDB AUTO_INCREMENT=12 DEFAULT CHARSET=utf8;

/*Data for the table `sys_code` */

insert  into `sys_code`(`code_id`,`code`,`code_value`,`code_name`,`priority`) values (1,'JOB_STATUS','NEW','新建',10),(2,'JOB_STATUS','DOWN','已布置',20),(3,'JOB_STATUS','CHECK','审批中',30),(4,'JOB_STATUS','END','完成',40),(5,'JOB_LINE_STATUS','NEW','未提交',10),(6,'JOB_LINE_STATUS','SUBMIT','已提交',20),(7,'JOB_LINE_STATUS','END','已审批',30),(8,'JOB_PRIORITY','优秀','优秀',10),(9,'JOB_PRIORITY','良好','良好',20),(10,'JOB_PRIORITY','合格','合格',30),(11,'JOB_PRIORITY','不合格','不合格',40);

/*Table structure for table `sys_function` */

DROP TABLE IF EXISTS `sys_function`;

CREATE TABLE `sys_function` (
  `function_id` int(11) NOT NULL AUTO_INCREMENT,
  `function_code` varchar(100) NOT NULL,
  `function_des` varchar(200) NOT NULL,
  `jsp_pager` varchar(150) NOT NULL,
  `image` varchar(150) DEFAULT NULL,
  `priority` int(11) DEFAULT NULL,
  `function_module` int(11) NOT NULL,
  `create_by` int(11) NOT NULL,
  `create_date` date NOT NULL,
  `last_update_by` int(11) NOT NULL,
  `last_update_date` date NOT NULL,
  PRIMARY KEY (`function_id`),
  KEY `function_code` (`function_code`)
) ENGINE=InnoDB AUTO_INCREMENT=61 DEFAULT CHARSET=utf8;

/*Data for the table `sys_function` */

insert  into `sys_function`(`function_id`,`function_code`,`function_des`,`jsp_pager`,`image`,`priority`,`function_module`,`create_by`,`create_date`,`last_update_by`,`last_update_date`) values (1,'SYS001','用户定义','modules/sys/user.jsp','70000001.gif',10,1,1,'2011-08-14',2,'2011-12-30'),(2,'SYS002','功能定义','modules/sys/function.jsp','80000000.gif',40,1,1,'2011-08-14',2,'2012-04-24'),(3,'SYS003','模块定义','modules/sys/module.jsp','50000000.gif',30,1,1,'2011-08-14',2,'2011-12-26'),(4,'SYS004','角色定义','modules/sys/role.jsp','90000000.gif',20,1,2,'2011-12-20',2,'2012-04-11'),(5,'SYS005','权限控制','modules/sys/power.jsp','12000000.gif',50,1,2,'2011-12-20',2,'2012-01-17'),(13,'SYS006','访问控制','modules/sys/accessControl.jsp',NULL,60,1,2,'2012-03-05',2,'2012-04-12'),(14,'SYS007','系统管理','system.jsp',NULL,70,1,2,'2012-03-20',2,'2013-03-30'),(25,'JOB001','作业新增','modules/job/newJob.jsp',NULL,10,7,2,'2012-05-08',2,'2013-05-31'),(26,'JOB002','作业工作台','modules/job/jobManage.jsp','50000000.gif',20,7,2,'2012-05-08',2,'2013-02-26'),(27,'JOB003','作业历史查询','modules/job/jobQuery.jsp',NULL,30,7,2,'2012-05-08',2,'2012-05-08'),(28,'JOB101','我的当前作业','modules/job/myJob.jsp',NULL,40,7,2,'2012-05-08',2,'2013-05-29'),(29,'JOB102','我的历史作业','modules/job/myHistoryJob.jsp',NULL,50,7,2,'2012-05-08',2,'2012-07-22'),(33,'TEST001','ViewForm 测试','modules/test/testViewForm.jsp',NULL,10,9,2,'2013-06-06',2,'2013-06-06'),(34,'TEST002','综合测试','modules/test/testAll.jsp',NULL,20,9,2,'2013-06-06',2,'2013-06-06'),(35,'TEST003','tree测试','modules/test/testTree.jsp',NULL,30,9,2,'2013-06-06',2,'2013-06-06'),(36,'TEST004','grid级联测试','modules/test/cascadeGrid.jsp',NULL,40,9,2,'2013-06-06',2,'2013-06-06'),(37,'TEST005','grid复合表头','modules/test/testGrid.jsp',NULL,50,9,2,'2013-06-06',2,'2013-06-06'),(39,'TEST007','tab测试','modules/test/testTab.jsp',NULL,70,9,2,'2013-06-06',2,'2013-06-06'),(44,'GC005','结算查询','modules/gc/settlementQuery.jsp',NULL,50,10,2,'2013-06-09',2,'2013-06-09'),(45,'GC006','报工取消','modules/gc/workUnRegist.jsp',NULL,35,10,2,'2013-06-09',2,'2013-06-09'),(46,'GC007','工时补报','modules/gc/workRegistAdd.jsp',NULL,33,10,2,'2013-06-26',2,'2013-06-26'),(47,'TEST008','panel测试','modules/test/testPanel.jsp',NULL,80,9,2,'2013-07-18',2,'2013-07-18'),(48,'TEST009','chart图像报表','modules/test/chart.jsp',NULL,90,9,2,'2013-07-19',2,'2014-06-03'),(49,'TEST010','form表单','modules/test/form.jsp',NULL,5,9,2,'2013-07-21',2,'2013-07-21'),(50,'TEST011','treegrid测试','modules/test/testTreeGrid.jsp',NULL,100,9,2,'2013-07-22',2,'2013-07-22'),(51,'TEST012','menu右击菜单','modules/test/testMenu.jsp',NULL,35,9,2,'2013-08-16',2,'2013-08-16'),(54,'TEST013','chart图表综合测试','modules/test/chartGrid.jsp',NULL,90,9,2,'2014-04-30',2,'2014-06-03'),(55,'TEST014','动态列表','modules/test/dynamicGrid.jsp',NULL,70,9,2,'2014-04-30',2,'2014-04-30'),(56,'MANAGER001','服务器文件管理','modules/manager/fileManager.jsp',NULL,10,12,2,'2014-06-12',2,'2014-06-12'),(57,'TEST015','image图片测试','modules/test/testImage.jsp',NULL,110,9,2,'2014-07-23',2,'2014-07-23'),(59,'MYMODLE001','积分管理','modules/list.jsp','50000000.gif',10,90,2,'2014-07-29',2,'2014-07-29'),(60,'TEST016','级联测试','modules/test/comboCasecade.jsp',NULL,111,9,2,'2014-08-19',2,'2014-08-19');

/*Table structure for table `sys_module` */

DROP TABLE IF EXISTS `sys_module`;

CREATE TABLE `sys_module` (
  `module_id` int(11) NOT NULL AUTO_INCREMENT,
  `module_code` varchar(100) NOT NULL,
  `module_name` varchar(200) NOT NULL,
  `priority` int(11) DEFAULT NULL,
  `create_by` int(11) NOT NULL,
  `create_date` date NOT NULL,
  `last_update_by` int(11) NOT NULL,
  `last_update_date` date NOT NULL,
  `image` varchar(200) DEFAULT NULL,
  PRIMARY KEY (`module_id`),
  UNIQUE KEY `module_code` (`module_code`)
) ENGINE=InnoDB AUTO_INCREMENT=92 DEFAULT CHARSET=utf8;

/*Data for the table `sys_module` */

insert  into `sys_module`(`module_id`,`module_code`,`module_name`,`priority`,`create_by`,`create_date`,`last_update_by`,`last_update_date`,`image`) values (1,'SYS','系统设置',10,1,'2011-08-14',2,'2013-05-31','nav_icon1.png'),(6,'FND','基础定义',20,2,'2012-05-07',2,'2013-06-25','nav_icon2.png'),(7,'JOB','作业管理',30,2,'2012-05-08',2,'2012-05-08','nav_icon3.png'),(8,'COS','课程管理',40,2,'2012-07-30',2,'2013-05-31','nav_icon4.png'),(9,'TEST','测试用例',50,2,'2013-06-06',2,'2013-06-06','nav_icon5.png'),(10,'GC','工程计费',60,2,'2013-06-09',2,'2013-06-09','nav_icon6.png'),(12,'MANAGER','系统管理',15,2,'2014-06-12',2,'2014-06-12',NULL),(13,'REPORT','报表案例',70,2,'2014-06-12',2,'2014-06-12',NULL),(90,'MYMODLE','测试模块',80,2,'2014-07-29',2,'2014-07-29',NULL),(91,'GOCOIN','Go??',10,32,'2014-07-30',2,'2014-08-04','nav_icon1.png');

/*Table structure for table `sys_pager_assign` */

DROP TABLE IF EXISTS `sys_pager_assign`;

CREATE TABLE `sys_pager_assign` (
  `assign_id` int(11) NOT NULL AUTO_INCREMENT,
  `function_id` int(11) NOT NULL,
  `ac_id` int(11) NOT NULL,
  `create_by` int(11) DEFAULT NULL,
  `create_date` date DEFAULT NULL,
  `last_update_by` int(11) DEFAULT NULL,
  `last_update_date` date DEFAULT NULL,
  PRIMARY KEY (`assign_id`),
  KEY `ac_id` (`ac_id`),
  KEY `function_id` (`function_id`)
) ENGINE=InnoDB AUTO_INCREMENT=41 DEFAULT CHARSET=utf8;

/*Data for the table `sys_pager_assign` */

insert  into `sys_pager_assign`(`assign_id`,`function_id`,`ac_id`,`create_by`,`create_date`,`last_update_by`,`last_update_date`) values (3,13,6,2,'2012-03-24',2,'2012-03-24'),(5,3,7,2,'2012-03-24',2,'2012-10-10'),(6,5,9,2,'2012-03-24',2,'2012-03-24'),(7,4,8,2,'2012-03-24',2,'2012-03-24'),(8,1,2,2,'2012-03-24',2,'2012-03-24'),(10,2,1,2,'2012-03-24',2,'2012-03-24'),(11,14,10,2,'2012-04-25',2,'2012-04-25'),(13,2,12,2,'2012-04-26',2,'2012-04-26'),(14,22,13,2,'2012-05-08',2,'2012-05-08'),(16,23,15,2,'2012-05-08',2,'2012-05-08'),(17,21,16,2,'2012-05-08',2,'2012-05-08'),(18,26,17,2,'2012-05-09',2,'2012-05-09'),(19,25,18,2,'2012-05-09',2,'2012-05-09'),(20,28,19,2,'2012-05-10',2,'2012-05-10'),(21,29,20,2,'2012-05-17',2,'2012-05-17'),(22,27,21,2,'2012-05-22',2,'2012-05-22'),(23,27,22,2,'2012-07-07',2,'2012-07-07'),(24,26,22,2,'2012-07-07',2,'2012-07-07'),(25,29,23,2,'2012-07-07',2,'2012-07-07'),(26,28,25,2,'2012-07-07',2,'2012-07-07'),(27,27,26,2,'2012-07-07',2,'2012-07-07'),(28,26,27,2,'2012-07-07',2,'2012-07-07'),(29,28,28,2,'2012-07-19',2,'2012-07-19'),(30,32,29,2,'2012-07-30',2,'2012-07-30'),(31,26,30,2,'2012-07-30',2,'2014-09-18'),(32,21,31,2,'2012-08-08',2,'2014-04-11'),(33,5,32,2,'2012-08-08',2,'2012-08-08'),(34,13,33,2,'2012-08-08',2,'2012-08-08'),(35,4,34,2,'2012-08-08',2,'2012-08-08'),(36,2,36,2,'2012-08-08',2,'2012-08-08'),(37,3,37,2,'2012-08-08',2,'2012-08-08'),(38,1,38,2,'2012-08-08',2,'2012-08-08'),(39,13,40,2,'2012-08-15',2,'2012-08-15'),(40,30,42,2,'2012-08-18',2,'2012-08-18');

/*Table structure for table `sys_power` */

DROP TABLE IF EXISTS `sys_power`;

CREATE TABLE `sys_power` (
  `power_id` int(11) NOT NULL AUTO_INCREMENT,
  `function_id` int(11) NOT NULL,
  `role_id` int(11) NOT NULL,
  `create_by` int(11) NOT NULL,
  `create_date` date NOT NULL,
  `last_update_by` int(11) NOT NULL,
  `last_update_date` date NOT NULL,
  `enable_flag` char(1) DEFAULT NULL,
  PRIMARY KEY (`power_id`),
  KEY `role_id` (`role_id`),
  KEY `function_id` (`function_id`)
) ENGINE=InnoDB AUTO_INCREMENT=187 DEFAULT CHARSET=utf8;

/*Data for the table `sys_power` */

insert  into `sys_power`(`power_id`,`function_id`,`role_id`,`create_by`,`create_date`,`last_update_by`,`last_update_date`,`enable_flag`) values (87,1,3,2,'2012-03-21',2,'2012-03-21','Y'),(88,2,3,2,'2012-03-21',2,'2012-03-24','Y'),(89,3,3,2,'2012-03-21',2,'2012-03-21','Y'),(90,4,3,2,'2012-03-21',2,'2012-03-21','Y'),(91,5,3,2,'2012-03-21',2,'2012-03-21','Y'),(92,13,3,2,'2012-03-21',2,'2012-03-21','Y'),(93,14,3,2,'2012-03-21',2,'2012-03-21','Y'),(97,1,5,2,'2012-03-21',2,'2012-07-29',NULL),(98,2,5,2,'2012-03-21',2,'2012-07-29',NULL),(99,3,5,2,'2012-03-21',2,'2012-07-29',NULL),(100,4,5,2,'2012-03-21',2,'2012-07-29',NULL),(101,5,5,2,'2012-03-21',2,'2012-07-29',NULL),(102,13,5,2,'2012-03-21',2,'2012-07-29',NULL),(103,14,5,2,'2012-03-21',2,'2012-07-29',NULL),(124,4,6,2,'2012-04-25',2,'2012-07-28',NULL),(127,5,6,2,'2012-04-26',2,'2012-07-28',NULL),(135,25,3,2,'2012-05-08',2,'2012-05-08','Y'),(136,26,3,2,'2012-05-08',2,'2012-05-08','Y'),(137,27,3,2,'2012-05-08',2,'2012-05-08','Y'),(138,28,3,2,'2012-05-08',2,'2012-05-08','Y'),(139,29,3,2,'2012-05-08',2,'2012-05-08','Y'),(140,28,6,2,'2012-05-08',2,'2012-05-08','Y'),(141,29,6,2,'2012-05-08',2,'2012-05-08','Y'),(142,25,5,2,'2012-05-08',2,'2012-05-08','Y'),(143,26,5,2,'2012-05-08',2,'2012-05-08','Y'),(144,27,5,2,'2012-05-08',2,'2012-05-08','Y'),(145,29,5,2,'2012-05-22',2,'2012-07-29',NULL),(159,1,7,2,'2012-08-27',2,'2012-09-02','N'),(160,33,3,2,'2013-06-06',2,'2013-06-06','Y'),(161,34,3,2,'2013-06-06',2,'2013-06-06','Y'),(162,35,3,2,'2013-06-06',2,'2013-06-06','Y'),(163,36,3,2,'2013-06-06',2,'2013-06-06','Y'),(164,37,3,2,'2013-06-06',2,'2013-06-06','Y'),(166,39,3,2,'2013-06-06',2,'2013-06-06','Y'),(171,44,3,2,'2013-06-09',2,'2013-06-09','Y'),(172,45,3,2,'2013-06-09',2,'2013-06-09','Y'),(173,46,3,2,'2013-06-26',2,'2013-06-26','Y'),(174,47,3,2,'2013-07-18',2,'2013-07-18','Y'),(177,48,3,2,'2014-04-30',2,'2014-04-30','Y'),(178,49,3,2,'2014-04-30',2,'2014-04-30','Y'),(179,50,3,2,'2014-04-30',2,'2014-04-30','Y'),(180,51,3,2,'2014-04-30',2,'2014-04-30','Y'),(181,54,3,2,'2014-04-30',2,'2014-04-30','Y'),(182,55,3,2,'2014-04-30',2,'2014-04-30','Y'),(183,56,3,2,'2014-06-12',2,'2014-06-12','Y'),(184,57,3,2,'2014-07-23',2,'2014-07-23','Y'),(185,59,3,2,'2014-07-29',2,'2014-07-29','Y'),(186,60,3,2,'2014-08-19',2,'2014-08-19','Y');

/*Table structure for table `sys_role` */

DROP TABLE IF EXISTS `sys_role`;

CREATE TABLE `sys_role` (
  `role_id` int(11) NOT NULL AUTO_INCREMENT,
  `role_code` varchar(100) NOT NULL,
  `role_description` varchar(200) NOT NULL,
  `create_by` int(11) NOT NULL,
  `last_update_by` int(11) NOT NULL,
  `create_date` date NOT NULL,
  `last_update_date` date NOT NULL,
  PRIMARY KEY (`role_id`),
  UNIQUE KEY `role_code` (`role_code`)
) ENGINE=InnoDB AUTO_INCREMENT=8 DEFAULT CHARSET=utf8;

/*Data for the table `sys_role` */

insert  into `sys_role`(`role_id`,`role_code`,`role_description`,`create_by`,`last_update_by`,`create_date`,`last_update_date`) values (3,'ADMIN','系统管理员',2,2,'2011-12-29','2014-08-14'),(5,'TEACHER','授课教师',2,2,'2012-03-21','2013-10-17'),(6,'STUDENT','学生',2,2,'2012-04-12','2013-10-17'),(7,'JWCADMIN','教务处管理员',2,2,'2012-08-27','2013-05-31');

/*Table structure for table `sys_upload_file` */

DROP TABLE IF EXISTS `sys_upload_file`;

CREATE TABLE `sys_upload_file` (
  `file_id` char(24) NOT NULL,
  `file_name` varchar(1000) DEFAULT NULL,
  `file_content` longblob,
  `file_type` varchar(200) DEFAULT NULL,
  `file_size` varchar(100) DEFAULT NULL,
  `table_name` varchar(200) DEFAULT NULL,
  `pk_value` varchar(24) DEFAULT NULL,
  PRIMARY KEY (`file_id`),
  KEY `table_name` (`table_name`,`pk_value`)
) ENGINE=InnoDB DEFAULT CHARSET=utf8;

/*Data for the table `sys_upload_file` */

insert  into `sys_upload_file`(`file_id`,`file_name`,`file_content`,`file_type`,`file_size`,`table_name`,`pk_value`) values ('15WAS558F3C1S7WCQ6BQ0YE3','u14.png','PNG\r\n\Z\n\0\0\0\rIHDR\0\0\0\0\0=\0\0\0\'3C\0\0\0sRGB\0\0\0\0gAMA\0\0a\0\0\0	pHYs\0\0\0\0od\0\0MIDATx^ݻ@P3M!⫝̸mW񆏚,]$g WӕLڶnz>l6}7 @\0(,p:+0y\r<J\'@\0 @\0~oeS @\0jp~&P= @\0$IMY @\0(.`,\0\'@\0 @@RԔE\0 @\0?8	 @\0 @`|vPD @\0 @?eu @\01JA @\0 L @\0 @\03F! @\0 ]V/ @\0 @@LD\0 @\0ݙjE\0 @\0\\.~\'s	 @\0 @CvY\rA\0 @\01CfR @\08 @\0 @ \"LfQ @\0l @\0 0d( @\0 @@w&s\\ @\0 @\0׫$a @\0]VC @\0 @@LD\0 @\0L=@\0 @\01( @\0 @j	 @\0 ]6N*\0 @\0uu^ @\0tg2E<X  @\0n7\\ @\0U9*p @\00dZo @\0 @`TC樼	 @\0 PK?[ @\0M?\n&@\0 @@Mek	 @\0 0!sV @\0)Нɜ5W5 @\0{MfS @\02\0 @\01JA @\0 L @\0 @\03F! @\0 ]V/ @\0 @@LD\0 @\0ݙlF\0 @\0x<~\'s	 @\0 @CvY\rA\0 @\01CfR @\08 @\0 @ \"LfQ @\0l @\0 0d( @\0 @!S @\0 @@Lg: @\0 @@MxYsUM\0 @\0Q&m~%v!@\0 @\0\0qQw\0\0\0\0IENDB`','image/png','1.43KB','job_headers','XSF060BUDZNTYVAU1VALQ89S'),('BL5Z5UWSRJRCM66FYOSDYO6W','2014-05-15 14:22:07的屏幕截图.png','PNG\r\n\Z\n\0\0\0\rIHDR\0\0\0\0\0\0\0<\0\0\0sBITO\0\0\0tEXtSoftware\0gnome-screenshot>\0\0 \0IDATxwx睙\0IiwQXѣQV(\n+Ui*E	^6wfM\0ǅw./ܝ.!;oyq	\0\0\0s\0\0\0\0!p\0\0\0!p\0\0\0!p\0\0\0!p\0\0\0!p\0\0\0!p\0\0\0!p\0\0\0!p\0\0\0!p\0\0\0!p\0\0\0!p\0\0\0!p\0\0\0!p\0\0\0!p\0\0\0!p\0\0\0!p\0\0\0!p\0\0\0!p\0\0\0!p\0\0\0!p\0\0\0!p\0\0\0!p\0\0\0!p\0\0\0!p\0\0\0!p\0\0\0!p\0\0\0!p\0\0\0!p\0\0\0!p\0\0\0!p\0\0\0!p\0\0\0!p\0\0\0!p\0\0\0!p\0\0\0!p\0\0\0!p\0\0\0!p\0\0\0!p\0\0\0!p\0\0\0!p\0\0\0!p\0\0\0!p\0\0\0!p\0\0\0!p\0\0\0!p\0\0\0!p\0\0\0!p\0\0\0!p\0\0\0!p\0\0\0!p\0\0\0!p\0\0\0!p\0\0\0!p\0\0\0!p\0\0\0!p\0\0\0!p\0\0\0!p\0\0\0!p\0\0\0!p\0\0\0!p\0\0\0!p\0\0\0!p\0\0\0!p\0\0\0!p\0\0\0!p\0\0\0!p\0\0\0!p\0\0\0!p\0\0\0!p\0\0\0!p\0\0\0!p\0\0\0!p\0\0\0!p\0\0\0!p\0\0\0!p\0\0\0!p\0\0\0!p\0\0\0!p\0\0\0!p\0\0\0!p\0\0\0!p\0\0\0!p\0\0\0!p\0\0\0!p\0\0\0!p\0\0\0!p\0\0\0!p\0\0\0!p\0\0\0!p\0\0\0!p\0\0\0!p\0\0\0!p\0\0\0!p\0\0\0!p\0\0\0!p\0\0\0!p\0\0\0!p\0\0\0!p\0\0\0!p\0\0\0!p\0\0\0!p\0\0\0!p\0\0\0I\0R\r*KczEpJ|kb%QT$Q5Fa@qT\\`As\0\09?m\08s7W}(1{_ ݹm,¹H|[VUεK^p)Vp\\Lv\ZtߨNs^\0WY]ybюb͜Lsm2.9XgEFkH$VLˊcv+ޕ}N1\npBS˒˿^T\\3JD8T<ZM*_3ԪuV#I 	O\"V@j[ydBy	.DQʣ,L}k}^q#bDy{f9]3Ye6\n̲Z-6dĢ~:T<%eloJﮱ:]\0@7XR^`@aD`FT#͑UcJé/#F(GEFGsIUNed?=xչ{\0p8<pդrƈs\"[UV٥Z%6ڸi\'4LH@ޮ)N2$&L\"BQ]ㆎ2ine?쯐\nc#NxNVr)U%JP]Y̤52Z߲8ݟvH$ \n1FkRٹZTJZ>$}ac-_\0hgYVRV&Ӆq^*RQΩ.)϶$q43_[hMbš2F%&(zGBDWw7_{HqrovTO/Iu\"ݮͤL;\0.h\nm򜝥3-NvfLjz5i#\"r*݊uʷs=qrm[w8>~[mEEyF;ݘI$y2N+ͻuH{S>J\\%.sU֘¹[mɚV;JtBQ똠УSWB@mw\nc:#&ިIޮQ?pj+_Y>VΝtʁ rDFFtPbl6Q%|.꫕+Wh4zxرgU(F$&I$2Q\'chK\':RU2c$UYI6;(\nT]reHwZ~[-Nx\0UІ9Wwoϲkz5XRQ\'ܪwϭtiŧo^|01v{]Í=zh{gaa,Dd2u}1qp:۷o3\Z.\ZjYX,yyyTu`j/_9W_.hpx\nt+f,J I8$AŅzN!G*s-p)IaDU\\̠av\'iQ.-~5CAa=%g#epEQd褁ʜm+-eĈ	kBFOٓ]38X\"\"31厍G[Sjn\\@]{׮o;h|/_jٷo}{۷o?\'vZyu\"IϘADYYYzb4׼	WL|G\Zl6KJKOjATU%\"w]6fo-2\"q	@D&IF$i4\Z7WLE][Qݜ3\"F\\%&d\"$8\\Lz\npv̿OƜnJKv(IAAaajtJ\Z\Zra믛/lTi6=7GݻQ\0hVdY[!˜cjg5*^Y%c2[ÿ?Ʃ\r%.+Lc\Zznoy=.3!!!ލG<X/qqqWLu_-\r\"ڴqӧzkCVXrrӀ9oUΌVQ0$ͱrסcfqIH0DrntZeA41\\&p2\" hTŠ!Ca~OD-D\nk+ǖڶmk^n\'y\r6+\n\n\nj||oGff(*2j\Zt(|qkq\Zt]wQjj~xE˅O(\n{K-$Vj)56wj1ʛ*O\rʥZ]bz7m0&1g^997mv]|dرkjJܹ\r҆`\nveeޏ4͖Y7pLb~ytĉ=zl-(5kZH>?s>CN(f&\nL(($:>zM9Һ@&qE4\'r*Z_Ȳ\"\ZXpU:.E!N,%E2Wc%]~Wֺ(Nde=wnQQ!qةS``9bٲ\r1g$X,> ~\ZڭW՚nڧgС\\eX-ݺv6)BڵkwÍ76x1fEŽ<dH3b\0gc\\Z?<4a8Y1n(7+y)2bx7dNZl!pyO^ze;w=˳23~ݻg{=\r[TT~ݺ_Yt:\Z||-e֮jKDy?sOd#ڸañcǚyS}/GDEG\Z%p	EEh1i`ow\"\ZJ8SUq)2/RtQVf>pК9P\\夨ܭNY?uԓOTq?X>}꾚NNzq_|wt>=0ǌ[w:NrrOK=v\Z\\r6h6WWCppqddUW_}8O{־αrc\"g15㰺;)*{|~78ΩMDԳgJMo%흻ty}&wOrĉ\r\ZT%\"b=W_}_Hhp@޽{ݠaGm.pxfz/ͮٷwO?HDT_.؞E\'L4AA+1~ϩj\n}䊋sœ9H%\\40O՞q\"WUp[Q\r\Z%E]oAhfY|kw?h`}͙3rss<پx½{{q\rݻ/4#7h=S4q%yMSRwb|<dPݑ]\'h&\08Ǯ`X{vYsӌᣉ8x;3\Z5tW=z,j!xÇ%I<޻w_eEDTV̬gD\n&XRRVO@Թs&xDEEyUT[b\'/86$TV}h?SLPt)ڙQlZ ;k;Rh4@8dpo<>aGzJr(-.Qt;b&۶oC	0{͕\'1\ZwO,hh6<^=i9rx]_Yݿ_ѣG?wK/nݻ|%;ujB\0>N`yzgفGMtD;vxGQZ-oXIiC\ZSV6jnڸŋ[?>rԨ:}EEEu߉hbŋI̳vѩ\\%B5?TUbKO^_4ShȬPe@5[F-\nq\'#ۛ]8mxHq~4AQqU \r\nBfoQ~vBO0vX]ܝ;vv`p{۷EMq:%\rVꪪjYү_+-\\XTT̙FҖs}t\r}7y({\ZQas+WT 5^7\'_D[\'r\Z<հS]:Ô\'\'ګuDFE=Uyy|ٲ/£s.og_~QUr[d8f?ovM!!D\\_%Wh$?\n2i(.	$2g\"ryz/Yoзp}N~XwD\"1AM9?x \r:KTFuܹʠ&\r6dyㅲ))G_yc^}$\"ZҢq{ylݲe?Gx^e/y-78M}Co*9uq^5Zσ3ApJ!H<@5!/jHl6ooRwyH^;v4ND߾#jz86_zT{j2gbwouA#?+gM n.1.\n$pQP%%&ܧM$9gի{]1-c1Ku;;Ғ\"jhRg\n(22=cbbv7E1|Ĉ^~DDYҤT]NiW\05hC3^T`\'\"RT;Bu<<r\n{(\'S:WͽlTj\\;USw?jI\r~7|6u@dٖqRQV^~yzzZ12gn!g@LRIVSU(\\Y#k%KL.	\\HDcynLS2\"cj}x8\'(Ȳ[Q\"\ZF_NviNq\ZdYn2kKIk-tcTVTz	\"?>S@p|G_-w*w$U;9CMƫ;6[*˘NUNnrxfqm4 ׋m߶M?=z\"\"8miӧʚii5֯[7idX\\\\޽{<{k8qEz>`䤤KS(\\.Wi&lCce[f|ƘĘ̘I**$$\" J\"4>|.$&VnS~O\"e׎ijה64Z,*s\\.WNv)c̓<Y<}	NWRmV\r`bjӧn#Fly~ys|Spr/>oa\0g9cS{io|m[V:ΐJ\"vLʖd&۫*Lϙ]dQ^iB3ݻr\n𣺯O?iII|!˖-lܿo~{{*xӦj1L>JU***gJT\nWAY\r^[q;1V]0iEZmӴͮ:TxCd ]ܮNSеKkؘFKIu5ާշz+\"c¶m[O8AIKK\'Xo-yrR,˷ް~nnjb79tLLTTt}~h5_NY^=o[q]{;BY8۔]R(.=VzbT;\\%Mv-5]B067^))))\rnHur6 z%$t \"K/wkt\'$Sw8zݎ;\'?3h%AU㬦M]Gu։¬⤝{J7; ΌhEٖk{Sh1(ȸ&IP2)?ٛ><==}֭?hi$-zEG|7Ǐo߾˲mV\"\Z2dw#\'Z4}{w_sGaYЦMi{ʖ&nۨhv1}y\"Vᆦj\\`Ʀk\"Ŷ>朿Ɯ3ۯ(n{ǎ~w;zAvｳ_xd6/;xFSVVf{QLl,>hGuNFVT}`68W9gH\\efGWԔyӮ7z/^[SvriDA#\\ɝpS\Z,elGxD~\'QP%$$&EFk{\Ztͤ;ۭ}v9==_3VZYP/I^M#9j1~^^Ï>\Z/\\-_l	Q6ں@ȈzpWF5F\rAqW8rCPx \\]xLu5Ӌ:v=%%󴼬/UU\r~Iw׿M7?\\Z[%Ih4<.]o/V]Fe\"GDIu;ݗV9\'Ι\nSꑝo7O=@ߵZOaRDF8ȱ<ѝL9yhpDE\\$	aNm^*ڷ;/,4yr1\"r:Vc\" <O|l_~>k|G۶}\'(r-u%clКM7䇇?裁_-X b^{qnUc(z(Fޜ;Ñ4څТ(*pn!pKkf[>0^Ug!\'U#Ov>/Yɓ0\"܌X`I+5}KOO<9뙧++O.0͍?C;Te?(rU*O>tݏ[}`A\Zv;߳Wj5nι磜Ö{F?!.OܲKWj%Fg\\Sy<~<S%VT[v(-i.2#I\"!iyN^YYM?M<w ?}[iih٫WDDB|?rc7|K=&:n\rQ#GMٸ͛7aaAo0(&\n;\0\0 \0IDAT)Srsr޹W^~Yu(FCm	`4z9f3zhl\0&87NTV[tJ\Z\rws2kՔ``*5]Y,;nJ&wvi{=z~&?`C?`&`HppyY6QK$A^N``:xMͽFJvY[cw}G-N{$SHgHk`ϏH\nכjF;eա(␕~Ar9:mLZhEY맟~O	ɑ;qqp|u1><--m믉h0\Z]Ngꏟk\'|˭zСŋOOOH9=%FyM/Jg俿˃̸K{o͘(huc>7*++5:/(--tWKKK:]\08MtEݍ~=Sb\"܊8#4澎tTR#J@ttwIL<ןUnN=pР&5wa\Z{׮۷effZA޳ѣē-4MS\'|iu7rSmۗ3[;܊\\esq\"cVQ:nx:jb{é(buqAʫܭ2YFuIԖ1Ʈ4i{vN<p //Rma\'\Z<w>MV2dh~wڵwϞ<զj###{3j溗rsr|-G\"UEHtS&LbMɇn\'puؘvDr(f~&??;+t	\0\n؜QbaB=	u%챛\"tfH$dc\n԰aN=6((td}KvݹZ\"^C%Nazum-o?eۧbM_R؊w0vnI30KD:C+Z;\0gz8<WnWLEu7>=X=) )hD GEivd{r:8@7;I(6$?Ei%A\\i-TV40IOjȷ	\n:	!e)6w4ĉjݻ3ل\n3UyB[ǔxIYNB1nb=Mu?~_qAcqaf($nɮ8!\ZǊwZR5Z\"sKhxTΜy]^)J\\hhxT&a\0ӥN/>Y3ARTb:;UL%\"v\n搷o:ؐ*9\ZpFtfMII=so۞~O(Q9()HUdeYjEF\0F p]n-:30:9\"O4<(K;|GTHEF*{\'[\rj7eXĈUEkVKI+9Ljd~zY#\";!\"bL4|r\0G pyőMԡ*ol-cO߷wY偁AƏou6FfFۂCBznژI\'z{:xPs8SSRRR*+OdۧoDddBBBl7|cw7v!\"}`7~-0bD\\%hNUh5IG&=SURURUQU K:ǌƅ\0C8t	.ߛt1gpȚ_~*\"##E?\nvVyNNeժԴԽ{zlYv{\n5Ѥ6h4]Wk|xoק~+7mQ_1hby#&2=ZkTɤy]+4ŪTeVVa,+z\r\r=>\"\0|=p^\n5\rmݡ2JցpwCUU599ĉ,G-F5e\nٽѣ3]v-_vXPPHD*Wr;vZGHDQlݻ[,7x[={Wg.z̳E`L`$1X%,nkvZeDt\"WU5ܯ3|H\08_iĀAntgZ).\'ŗ\\R\\\\Ti޽GVV]wԇ.]~>3u-\ZFOH0,Ֆƌ$)0(գDQ?\ncjժS9_VܱСC~v[=s=ZqqQP%k\n\\\'2[)*Wzf$Fǅ1zy	o[JG=9ZBZݧ97n0͓0==r\n޹s?<`ҲҡCp(cUfshHA6lXSQuEQ\"\"bTZRQIwxѢ)S\0Ck?[sN$+.p&0FiÀv7,4\0|s8\'	ѳw_tY;>v^PPйKo^!I:{myh۶m1NꅌFr{ܞj,?`Ƕmk֬\\fտ\Z\rg8t$Ay.ˍ&TjաU-;܊[Q$GI?B\08ߡ9\\PJ,Un=cb|f\'///+).ڭcL쎵7jAaaADD$\\Eʘh4\Zt:Al5p%\"V]?\Zp\\:랟sQ¥8r+U\'r5G/٪N[/!ƄQaa\0pU>Rax[?tr\0\0AJ^c_[\n\0-YwgTT%Wu+s\"\08\023!ZEZt흛!WݺiwNZm(/+)u\r-\Z5WTaa!h{,qfK)xW\nRlt@mGRҪ1;8bc|8|#=MG|Dk_FİKfƄ/%S{xoJ8jF.k\nlNpvnl6Y߾a|pg?T]yU)Sn)\nÅ3Fn\0m\'[Ko9gݖR\"u4au=x埳n{^ΨV\"BYADTf\'bH3<)5AAN:Bf\'K+J֋%RXKt~!aaaUuTy\rDmd8v.IB8x5ɉD -@\08ӰX|裇4}S,eDT[#K=pdH<zX_Z?T>/MM*%\"\"?c8\"\"N_I+qqIOngyri3==+׾O#\'zEYt:VoZF>!ARTp=´M%^JUO9gͳo\\[)C\081p;s~лWy&z}f~q74wQۮ۳⇍yDdy)JּU$%OݳSC9鬙ZRtWL\"^]cX}%)n4u3cW;DA_UמY)\0P\\\0uzЩi\".WeU,UQ𞝙FKJSmgNj>#\"bѣ/f/d.q7oe5-J{{qeo`0`Ɯ{;R/ެ횚s^=hnq䋋gvة7:?G>2@ہf~skT*5h?]ln|_ؐ.7?;d	7Ov/_/\'s}{Ćm_S63Bz?pɓ\Z,t_vqTgS,̳\0Oi`TƪM,Bykk_9ogmR9P:]wWYڱ:~|xDĺqϰ@ڵvS\'\n^#*āO\rpe\'h)u͞{rADZJDF\0vf{+2\"Y[ۈH_3k*S\"\"W͹DһWhßrUь\'2Jkd\"\"힝YwQo	{E4Zr{:Cb=ʔȿ?]]n?w0.d:V\\*}o:47)S1NT?3u6#b6u|\nlzqlxfisM#b1TGJqaLD\rǪU{Ռz5*Ikzh̟ѻ&483~|EȈڕ]UR$\"p)JJ^wκAyfven[lc*ቧ\ZS3*cpyDݟQRʢ/>(U럹8/\\>|Fs}gҋ#& p\0C9[\Z\r/=?]xbǚnq(ES&\"Q\'Sh;MsD旞=~[V~՟^\"	+L!h\rFN#S&?5lr[J#E\rӗ\rדwO/ٱv{NΉe*|]߽C1Lr\'-xyQJ8x~{/;U׾\0eV(p-r\0m@q뗟OG2c+pQtxv?QZ(;춹H~ǋ	+?Q4<:Q\"*DDBiwt:x9{{>BūOe%5BЫ_hfZV_{au\\>:`\'\"\ne{w&tWo-qڿ=2\"\"D:焅֘R߿\rKowTkT8@fsjXezxL\"ѱ~F`{y|\"\n;T$rv\"Қt\'?sڞ\ZO9ky*\ZE;(ACĭYW,s\\K㣝7g|3ۡ}\"?X۵b.,oTU$\n:DDbW{s|@D$2״t3hE5W^=rBĢF<Wxܹa4@\0h3\"nMp4M\ZZ$gٶv\'V|p͎~!Qvb)>@#4dʃcD\"\"pçZyX%!A㲹&LR2ܒ䭀}ݬ4ZR\"mM0\r|lYO^^~/NESowoﰔho?7ߵs,-`eٟeC@;oL}\'7~Θ\0m\0@>hfpln8xߟ \"r%}5;j҇%%\\{uGU0\\|Yg-3-uq:?4IvEY4aLã6\nVʯ+^pEn4\\SI^WD_~<ږ[~_	\'?S؇ݮnqSgޝIGQOU\"\0cb/\"72J\rR^Qgbٽ\0m@<w\rp5`~Dvٷo-]ĉ(hA[6\'Tp^Y]UU\\Y\'!rE&QSP{}Ad9ǵy4}5AIZMMJUS~7糭Dq+3}ߝ+>O<꓇L`Oj	9cy-Dw<J궖WDdn\0@\0h;VK5!F]	\Z?,YnDD㟼?-֏E5ii|gk7\r~zCթYBTC;759fs~iY(\'^#4c^%Ȫ#F̿Է^~xկ{\\X{)ۤ}د[Piu>`攴G\r͈G\'}Fed=,藠s7\Z\rN/~Nk%2D+4FE0\\Io|Y[\'4צT[\'ԼI!t#/sMlu9ED7<\"b=o{X0&\r\0m_z53|j<e7:=s<xD\r|5v<ݛ-`%M&V)j\'u\rOҤRA7_߭=HK;7p~3WbB=c:̯o~}\08MW\0\0\0yK\0k$u.?SM8Msu穪-\n\0AX-ι5;\0q[lᡪj؁pvxGQ7|ȓ6!CUպ9,z\0IIz2  2+uӆZ(n锝\03<!CEODcd88\'ꎤxC(p8EAնz*\0Y,ιFt$(I\'#sY\rYeYl 5 QYYYVV&d\"\"ohzPyDMȲt:G```ttg\0>EQrrrl6dh4$g!\"sF0>DYp8\"##ccc6\0!QV,˞Ⱥ|C*\rf\r\r=\0\"Xe=b\Z~ׄ^݅s.\0k׮zz[u80\0)Z600t6(w,|?n!QOG@@n\04v1zn\04d4\Z%O|	yu+\\.Nw[\0Mh4qOos\"!p\0\0\0!p\0\0\0!p\0\0\0!p\0\0\0!p\0\0\0!p\0\0\0!p\0\0\0!p\0\0\0!p\0\0\0!p\0\0\0!p\0\0\0!p\0\0\0!p\0\0\0!p\0\0\0!p\0\0\0!p\0\0\0!p\0\0\0!p\0\0\0!p\0\0\0!p\0\0\0!p\0\0\0!p\0\0\0!p\0\0\0!p\0\0\0!p\0\0\0!p\0\0\0!p\0\0\0!p\0\0\0!p\0\0\0!p\0\0\0!p\0\0\0!p\0\0\0!p\0\0\0!p\0\0\0!p\0\0\0!p\0\0\0!p\0\0\0!p\0\0\0!p\0\0\0!p\0\0\0!p\0\0\0!p\0\0\0!p\0\0\0!p\0\0\0!p\0\0\0!p\0\0\0!p\0\0\0!p\0y(9n\0?$\0?3X]oj++stCSX>-_\'ίȺ_)͝N|QD?/TKUF\r:8|pMk\rVeOe_\0.`\0wyڡ\r6cI7=+mکdX\0Y|,hI5F]sQ+f%+h7<!\'^O \"R-ǲd^gwѯCׄ@,NM>Z\Z}D\ZteWJ]{iPko	GDژ=w^|$ﶇo@7>!zcQJuӬKșR,RI+&_Ay,9VM`<\0e\0n,v߿9FbF\n\0\0 \0IDATĉLnv_f.U?ODRta:Vs+\ZP&.Z$Zl%1ϣ)eW^AGb:;we9qCGtҗ\\WT\"*4勵Osȱ=pY+7\0p4*rcI%*yxE$\"R\'j3x1l9Igr.=dz{NFFDRhKǑR𮬒.#/R*KPM8\\Uj:@Y\0g,]:̴ME奶{D^ޅn>ZOjpUUTaĴǚ~b}j,+-0p;B0Ƕo}b萍ab]~vL̐\"Μ3?>`SYĄ\'4JߊC9a¥Y@*gN#o,+?^Kq|Ӱ]MW\'/ygiN+gvãD3yCf5gӏ+zhۏlbDrlL,[N\"JDpA\00C]?[u^^}UkċnQ[almHfDDRXv~(+SM np},)C&v꒲ù(G\"MP^ UBD$\0\0U\0(1aҴ:hm7-^zYw3vNTuj#/µ|_릍ݸ7vi{=#\"S&b	7<vsg%雏	.>{{LַgH+UtKDeBDFD$ؖ][\\w54]51)sű=KkUs5?;(Vi=TvXDZ@IahJYi;3(rpꬶ9;u+.$pA\0PY2Oyg)lMf}rڅ{NGR*s3.rU\"?HuD11[?U\rsˬ]h%?JCDv73 p\0\\x8\0.8ߵia:(f5eכ)h$i9\'y;+DI0gVӕ3-~_9\'x͘>Qz\n\"mdjqj\"2D\"m?*N}t\0ݕbEvU5[UjԪMv(_h\njզfIDIn7ux=A瞓{|C_SE+{w	u\'$Ny@`Eyd0ζr(a sT|%=pTـ&*8\0sԑ\0\\+[0_ԛ^r:s7Ӳn8@V6b܍k?WVv?0@[˕S\0w:i	\0$]8pb#Dj1t@C{sWC,q-ZۻOI[[~upպ\Zh7!<(1ڲtCA\01@sgU+\0:\n\0%}V_vu\0\Z~ߪdsdhaѨ-Z۰wu}RlRo<-^1ǈ]judˏ\nVP^yE ||4*O~\nj\0KB\0][	^ Ff4N%K0p=DyFߋ%}\nrSBLt)\0j2h|SZSPV]:V.Ŗ}\r,x5zQI}v66\0Xأ.޸q2M;`[X*l9_{m%+fX>;fգXd6SSSU*ˮ)NDz)L	|:}zNjZeW&pa\0N\np08)ADDDc \"\"\"1p8HqDDD8\"\"\"R)ADDDc \"\"\"1p8HqDDD8\"\"\"R)AyQJ,n\\Pˮ	#?!:)}Ғs=ˮ\03]ega0D$&\">FL߳X}\n]mob%_ea0\'Ds{A`~eetGCeL -#P}\\M:aN7xwy:,7XhƖ6>SyRnH˹RTuZ:W+NySxOAVlP\"-9Ĵ(϶H \Zq`<lg|3k϶оO}n{0c\0>#ϑ8ZGzW=o111aaao\n\nzevs\'|~3[Mme8) (\"\rY#63%lCňHtv@6DKN˵r,\"tL<Qn^%DD̲\0#~q)\rd>#eJٲRG\\ 8ye,)+Virfd.TW]\Z 5fHk7(NeoYxzr<!32@7]sz;9V~tDBI$앒.us=`l:#}84ˍH #\"Zʳ;wܵk޽\\Yc\\\Ziބ=.-qr=|e p(Um@𸏛Gl\0̈p\rJI\08<T}un@X: :\r2p;o#j3XR.\n\0B9vr~f 4\0퍳.Yꅟ\0PG,\r[Oad.pyΈ-@L߁Qh\0c-h9U{}\Z;:\0x2}S	\0oggyk\n8W`H\0ȃX@Z\n|a9F=:ih1R2ZR䜛ל`>w0ß[:Z7\r.Bw8q/\0{GL܄\r,8\n%l1ѫ^QjxG8~\0/[2i.셶\ZpzO\nƬl0M(vp	5`vlkDZf=ӡ\0耸8\Z*\\ⵐ0/|\0&2`BU\0prM1q\'2eZY=*\Zæ|=X 8\0@S{WS-\noW\0(\ZT{\\Za+bH5/@g9V:WEsE([T&\0-K\"\0N\nD,+nB]\r]}r)%\0J#Y]0	\'0y6\08Ap?,B8y=\0ÛTPNV2\r?M\06ASUWnb<EtHX<(7P*,SmōdJC$IN (%\"*%[Z{*߉\"<GGz_.:˙5RI\'.TA$AeJE:	\n =&&)r\\(I@[vh/\"<[)\Z\n ЈF\0A\riN;]*Z)QJ\nuI5b#nH^Yg3񄔅@\'j3NEZ@PX}\\z*ɯSz.]*\"\"2G\0t!k?^O\\ v$sࠗ?TإB/[8?om-\0\0Xsށ8Lm̏)0m/\0\0c@hHZMAZ(X#S3Dbhk$as?荘2g<\Z=ڔY̟4@6j~G%=#xv\0\0yX:3\"mQ9GxVwƐ	}phy\"\r\0̀\'V\0bot.\0\Zd}Sń[7\\D8{ǰYb5cEǂ-:m`1O:>+8y]cQ:CW{Vs:V_JtZ\\6=n=[^SH:zEм7NGޘaG,8P35^_~q֌s\\4XIn!@,Q.8K%v~ϽwŸmFǟ7G-u;dME\\\0@֭|dJ(h^۴4\0X\\˴\0`y[U|qװ<LQ}C\",bx;ĂMC@ZmsGOy*3tEjz-e,Qca}Gu\nWpqFG,QIZ5P\njqyCl%Xi\0*,\0Π͛Щx\rp~9\0$b|h`c2.Yl*&T1^E/ԥb\r^\"͔+rx,+#?V^\rRdQĩJ94\\!LL\"d[^]5,+Y,%dv$ʰHqOܥ/@\'H\\P:vc?5*Tʃ]*nҪl)-[HE;$\riRZVt%$O{*V\n .]%AĿM.n6\\6B]iEVki]-ǅ\'lK??n&n.ٶ}p7[\"bNO?Օ`sC=O+:]ΛL㣱K^z^D0I[nO/\rF\0ql#ֿFGCt%* Ue]?J1Y$x{ @Y~mQP9mDf9;Z\0)X (/ e,.MH楎遣D?/K(	WQز/x&O[JzG\r6(?N8\n[E\"RX\0~*Á2w-&̩$NIr~4K+)\"	[dT̟^J&ë p=dBٺO.ݖT.4{5C@lDQIیbk\'Kha/Jkw\"^vЫIzOl*;\"P+I(f8\r1bwm/(i\rqz7#c\0V\Z܉ޫR_4l\rR(߁H8|dĥb/]OL_pOЕcbl[C߮Ы\0A%\0n\n\rZ5c>O<ۡ}tކYaT&nKgc4tJrӟJ\0Q7\0N(S	|KpB3o\0PķSS:Us%].ںy5 t\ZMzJGP\\+KQ&\nDRXxB:\"t=NtB\r[0߳}\00V0\ZF>RYNN<.	)U4Jn$H2\0R{_\"/c%RdޯpO/ɞb܍Rr=D̑]%5IF@:m%5\r&ˢ;55\\RV}֋HZ^oT-OX ?T@Y.f蕵XI<XГJJ\0XLtTVH~uzOtt!N8y+;JA^A>Y\'i\"\"}O5?QSdtId:<pXOʴ7M% @!\"Y^{W	gRs5*.x\\c_aTZ7i{/xh97a}4\Zyf5s@8¸M7Z#1d(Lmxд?4wu_`z\0I\rҟ.\\\Z\0Z̆?sG?U3\\BVx[ZZ#iF>Q)np\n\0,]K\\]~PG)5k0ӞJ`y\0(WKW1}_#\r>\Zyj#_Gaqu\\qy;m[ME[\0hD!%4I_ٱ }X\0SXq(R/8-\ZB*Pofƈ-y_z|?\"/c\nbN`gXv\Z\0eQ([IԨ:G4=Ƣo9\0\rpgڃg5{ h%JfhI#pEUTZ/j h#h~݇\07zG̿\n~W\0@~8B\0\0Wa%os#ڶu \0Bía߽R,pOppc91\0sO{KQ^?TmEH4adtlgp,?tFӟʴ\0M|5Q{{a&[Vp\0z?i@i#DaY\\.C\\X5ArlF\0v\0!\n84\nPkl{.<U\'W^	9(^vAwD)nub0ϵZ[o.H1UUOF.GJZt-$JP$/EWDPgdpaސr<&;&5`|AV;\n{RS򶫸+reUz< Hɢ,NևJ{XlOIRlUɒ;r*~\'n\'+w\'6wm=wRS	NMiQ kޝtH|)Ph \"I[[S\nYǍ?f I,dn\"cK	lexe+)\"KJ1[@>Z*fHΨt,o{f.+ȓ.za8S~Q6|\'#]%6+c$YO#&ۋ[X/LY3pa{\'JOwdt,)c7IR	2Rj$J.#-TהJ~2k~VR,\"	Z+\rߐQ\'\"bT1Z)%)\"\"S\0)%{e-ҫ\02<4⹕b8\\tp/3ʦ~Gb,r*.Ra\\Ql1&.E\r7B$ZD$8K1CCddKH8n#-G0ȀBW!K;q,)Bu(b?;gDR_0WED,)rGiU6}x&¨De7P^k2fsjjjrrJ[*^.Kf&܆=_vpG\Z3c]qT3ڥkN@xoQܽ\rBSށM1ث\0@Lhs!B&Q\"JÖch\'x@@^tZVպ<~3A߫8^CWp%>Uk04JpAn\0,ADDDc \"\"\"1p8HqDDD8\"\"\"R)ADDDD#1=\0-ǯl7o0w_`㖡>iÃ7!Y_\'	\'0c`	_q#YK#8eKWDL?DuSCѫU$[\'`Z`-6NįP_&و5-سZdݍ܅)kO±i36c(\r[7N&GNVImo8^Dk0O2n=ЭPhȹ\nMB3k5*;*?\"u2ax/ᐹR\ZV|dÎ!}b]nwˑ-\nn-bRG}yz\'Uq+<dX MkP}E\n\'vST a7ʶFi&\0x:>ٍBcx\0nPelu9TEBHQ\0is\'t9תء}970p:JR\0\0VIDAT~ fo\0`f(]axGP(U@!=`FQՆǓXbDZ]LH \ZF*܆9ͳr)8F-Y\0C`@Smp`Z(-%wCQ\r*<A迅DJh-ZET\0^hn96`Xyi=KTxcNcOj(\0ӞlS3Dv	\0}3L&>>P\0bnǱ9\0Np~8Z]ǪWr/Če5`%&)TAGYbp&bae[B\0\0A@\0VWd<?$\0\0VvK?,1\"#jcDjp\0*LFp)cxlZ\0\'K;f@p\0g\\\0:>ݑ <pWD\\j7\0.c;4bƌ;F|J#-7#BAJ?0&vi	@[;btkcl1j%GAe\r˶^\\^U T^@\"(RE\0].)as|0b\Z(d\\DK ?\05\n6\\[p|J=\0]GY80\rz@o@\0C \rkzcFFP\0@\0c^9pΝ\0A8\r{izRA\n1^Ή$i\0P	rmxtm[{5#/tퟵh͖TO< ?{ai|aVMT>/`qfl-+pBtDbX\njx]ˬ! \Z{\0*|;1 Ǹg8tDQudVl]zYh㏳\0Тzs_JJmL)\rA[_\0la,,}F¥=;pm7U\0`5Y@\n4+v#:\n@hT\r4.V|XAިSuN]|u\Z\0n\0ǟWAY5\0h͘Eєp\0@\\v\0:(7\\A>{D4~^G\0DaX[̽TN3¸IP	\0nP\rp~M>DraJLhz~oms\\vǮ\0> W\rѫ@cWǯ)oG\\n\n,Yh=\0\0*Q.Y967M\0z¾3\0ӺPc*ʻ\0P\r\0OLpN/صũ9(ah\0>x\"Mи#+=Q^1lT\0\n+٣Me45QzfS\0\nwA8d\0Z\0 0pD-?4mVP67B?:\\b T?@!\"a ʣΨ\0/&lKL~8\0\0nu1za!p\Z\0jA\0o2I\nY;r\0ܳMc\n\Z~Y9d*yZDO#66d2dJN_]z^iZV+Ey\'` \'·\n\"\"\"R)ADDDc \"\"\"1p8HqDDD8\"\"\"R)ADDDc \"\"\"1p8HqDDD8\"\"\"R)Kjdɔfyɕ!ˮ\0=WνP8d|$^_S̝м`n/z}?]^&\nap6LڛA#9m=mՀğZ4m0|7\r.x?OjZoM{Tnu|ٱs8\nDAmͦMw>*@RCOjʸa%J/pkY2^نӼY;@޿=zwۑ&zt !:p遽8Im[Yi]Hf{zt흝X\"a K4ޝ~q9lI\rC|Pt?]}|mslc5\0ۡVL;y|ő\0`?国?\0oVltRR\ZJw=Ĳؕ+Ϧ<}vm6SWK-	ǧYrCCD/QޢjRS\\\n}\Zhckm?~*_ĎN\0h@ɨNۣOJ4llK^^cب\0Kl:pa@\0F_[X3nk6$`S*j6.86jjmNPKAOqL|CѡMDs<k7S\0x4جr@E\0r`r\0oKmr襫UK}k-y9\0\rY8+_Xhvp尤Fݽ\'.H.DFlld2ͩ*eW`\'I*>Zx}No;hԝ?9/Siu:uZ\\܋Cҝ$jm[v*)7?zɟ_UӇo3\0׻r=t Py+GuI	Lɘf~=GL;}?\rh+\\AZ\0^ZVuqqyٕ-Dy`o74ԭNUL:\r\0t6669.)r7Zn]0vƮԼw7GFucw~笣gBI%nڤTRc_Ϝ{DSÁ	]\0(;j۪=y>QAj\'KtUv®hu\Z,pyQk3 q7W;WyUéqL|^յ\r]8Ez6+ծK$޾㪁9;F\0,wM]|\nX<(ZB/iVeSm\0pzBfvj\0zuYW)\\}66=\0Λx\0Ą2{B{VJv9.<y!\"ԸeXfw8^_cv?Wˤ*:@DyQ^c8/MZ\\662::D[ɱ\0\0uNд#6HoH:cXK&cRut9sXSЁ{L=cJsZqKQP.W=QAǘBl\0h.l.֥ƴlڬ}KvʾO\Z¶O-hשj=.iI{Dqѧxx<G\\3\0ӯؼ1hټ;pQ^Aon]h$-jUjLut.Uf@W \Zs.6-!#/޴J5C݄;_f}}1F\\5kC\r\0Us\n<\nCf6w0zKV]ZpM9I8`{ݞ}kØZY?>|>}/Zm܁;*[bŊ˹\roNO{eqK/ţ@ƭF\0BMrX@_vn_&? (p![87ʹmޞz6Lf\0G4hp;\r\0@0MV[gf89;\rvF\r O:g \0Ԯ\n0ǇY\0Do\08TdB-G\nSr׮Bm{}ܳڮ]ޚi#\0No[2m}9^}Dy9*m\0E^	\ZSMf7g-2Y2=m7qd1F.g/JX㾝|\0,wCrEĄdo\n\rI#\0z~LV0ԭ[zIPjܱFzK֫Ѡ;_\r{m/DpQz8Kd8neO:	8(0l SeW!DDDDc \"\"\"1p8HqDDD8\"\"\"R)ADDDc \"\"\"1p8HqDDD8@OFw\'^4>fV5\'ܽ,D򾔠ճ:~פFg))}|\\\0T*z٫bw}d̹-l\ZkN]5?i>Y)|!g\ry<56vZï\\N\\SgcLv3b˪N5 (K~|rZGϚuh?̉.tzӠ6Moyݾ|꺹h0\Z3\Z94:pbL<PޞuԠMkgٴ%\'.-tGlW1oLD.N_iwbQGOַ猡#~~\0Zoo\0T\0`?s<,ڄV&dʭc+)ʵxŝ=z˽tыV5uςU	?+4|\0xƵ׾t\0n%lRƺ){^ ,{+UAlu[6߰muzݢ<~?7oʶΫ\\\Zhw:h^4O\"*p585[5Wn:WԚ+pePૉS끁(/4\Z}œrNUܷrI2wdMH,\'^0uk4\Zuk	e=m\0Osל\0c̭agN4fJ㸟\\\Z$xȦa=פDݿxO]CݿXV\rPpA%n9Wxzxw/dƝ_=~(\rZ0;cܪWcl}imDD5Ek\rWwjcWYqg4NCL0iKE\n3y@筚xm/ǸհOLc流svsg(/cȂYzϱuԹߎREZi\0hyB;\0i[g?K~9a>m\0S[vvao=uHKs,dsސ-S#-Z̬顅=40qqG>k{Ln?E\\JgE;߽\nn[(c ӴE\\ew}};۪M]wۉ>cɲ;*>*CROjXl>Uݛ1&4Z{4@źn\0.΀o&czO4˻8\r\0D[>Ѐzt5<#׋Et?eˇai}XxmcגLgRǥX|_a~l\0KcA5K9ծU=s2yrkת?B2^~X3߇^`A\ZDk[~_,߾ezkc2QI\rd\0Krt@Zݨl.?kwx`T1R4m[hٽ,˷086QQ!Iye,k,^ntT3=}6.j1oo4]WY3Oөǌ	hp=J1\'\\;[Z\0H>tԫR#{iΝItx̷\0$-1&.dt|\"z\rNzPmlmS\noT}3J:pH~v}oZ.pA>+}.zubYǥmqqlۊeۖ-r\0n&ً֗hY[ۘ$Q 0]K\0]P\"zT\"%zbccM&lNMMMNNVT>>>/Rxd6=9TFI`Iq.RKzNjZeW&pQ:.[yTQRU_t(g\"\"\"R[8STjbhZ^ \"*&1\ZAAA...666F))-Q*`0JQ\Z\neΠ6jV{5\"bccu:EA/\0=6jmtttZZ$\"))`0بjl|U<bM\Z=|]^M_`6޽kcccRa\Z>%%%882ͷn;;;VEyHZ9nܸkGJJJzhtpplUyٵ<3󗘘(fbX,&d2%\'\'FgggWWW[[[^+KZ۰~~RfGGF`\Z8\0%sԴ4_?Ct:븍̞.e Eq/RJN}<̷9k0L=R@ R)%{氶dT*b}_FIZj #?Ѝ´A/\0)(3s\0Ǝˮ#k:myPndkwdڠ9?d`X^v^j`ڠg}Gˌ֟x1Q^0^BDDDK\"\"\"R)ADDDc \"\"\"1p8HqDDD8\"\"\"R)ADDDc \"\"\"1p8HqDDD8\"\"\"R)ADDDc \"\"\"1p8HqDDD8\"\"\"R)ADDDc \"\"\"1p8HqDDD8\"\"\"R)ADDDc \"\"\"1p8HqDDD8\"\"\"R)ADDDc \"\"\"1p8HqDDD8\"\"\"R)ADDDc \"\"\"1p8HqDDD8\"\"\"R)ADDDc \"\"\"1p8HqDDD8\"\"\"R)ADDDc \"\"\"1p8HqDDD8\"\"\"R)ADDDc \"\"\"1p8HqDDD8\"\"\"R)ADDDc \"\"\"1p8HqDDD8\"\"\"R)ADDDc \"\"\"1p8HqDDD8\"\"\"R)\07BاR\0\0\0\0IENDB`','image/png','31.48KB','job_headers','NH7NGCC7441061F336TWI4FH'),('FFZJ67EJI5ATHHHG7939QBSX','u4.png','PNG\r\n\Z\n\0\0\0\rIHDR\0\0\0\0\0\0\0\08\0\0\0sRGB\0\0\0\0gAMA\0\0a\0\0\0	pHYs\0\0\0\0od\0\0IDATx^;R$IbL8Zi\n	ˡfmm(]m6xNH-駷_Ӄ1o @\0 @Ik|S6y @\0 @_X @\0 @\0ʆJMY @\0 @\r\0 @\0 P+0ŗ=֢J#@\0 @\0?_*(Ron @\0 $lhK\0 @\0R\r77 @\0hP64%@\0 @\0ʆ͛\0 @\04	(` @\0 @\0TeCM\0 @\0\rMb	 @\0 @@<Xc&@\0 @\0\nNeC!( @\0 @`R6 @\0 @@\r @\0 @@!\n\0 @\0 @\0ʆZOi @\0 @ ^@\0 @\0 @\0ZeC4 @\0 /l\0 @\0 @@<Xcm4 @\0 @ Rt:M^6D @\0 @O@g+\0 @\0D\n(\"nh @\0 \'l賕L\0 @\0\"\rk74 @\0P6J&@\0 @\0ʆȵ\0 @\0	(l% @\0 @\0HeC\rM\0 @\01r8NL\0 @\0ˆu\0 @\0#lX) @\0 @ F@j @\0 @\0u\r8;\0 @\0(bVmP @\0 ag @\0 @\0eC̪\rJ\0 @\0P6 @\0 #013A	 @\0 @\0><y+\0 @\0D\n(\"nh @\0 \'l賕L\0 @\0\"\rk74 @\0P6J&@\0 @\0ʆȵ\0 @\0	(l% @\0 @\0HeC\rM\0 @\01ƲNL\0 @\0\\.ˆu\0 @\0#lX) @\0 @ F@j @\0 @\0u\r8;\0 @\0(bVmP @\0 ag @\0 @\0eC̪\rJ\0 @\0P6 @\0 #01~3A	 @\0 @\0>2y+\0 @\0D\n(\"nh @\0 \'l賕L\0 @\0\"\rk74 @\0P6J&@\0 @\0ʆȵ\0 @\0	(l% @\0 @\0HeC\rM\0 @\0\r}	 @\0 @@<Xv]&@\0 @\0jeC4 @\0 /l\0 @\0 @@S\Z @\0P6_\0 @\0 @V@P)\0 @\0(\0\0 @\0 P+lF\0 @\0\rW\0\0 @\0nMF\0 @\0D\n\\ˆ\0 @\0	(l% @\0 @\0HeC\rM\0 @\0\r}	 @\0 @@!r&@\0 @\0}ʆ>[ @\0 @ R@vC @\0 @\0>eCd @\0 )01v9	 @\0 @\0Z6yPk*\0 @\0(\0\0 @\0 P+lF\0 @\0\rW\0\0 @\0P6zJ#@\0 @\0ʆ+\0\0 @\0\n(j= @\0 @\0xeC\0@\0 @\0j\r @\0 @@<Xm<\0 @\0 @neß;J @\0 @\0!lp @\0 @\0ReC)0 @\0 @@ @\0 @\0ʆRNa @\0 @ @\0 @\0J\r @\0 @\0e;@\0 @\0\nceٔ\n#@\0 @\02eCMM\0 @\0\rm	 @\0 @@!s&@\0 @\0mʆ6Z @\0 @ S@ِwS @\0 @\06eC` @\0 )lܻ	 @\0 @@V0 @\0fɜ @\0 @@~l(%F\0 @\0( @\0 @T@P)\0 @\0P6 @\0 @@S @\0 lp @\0 @\0ReC)0 @\0 @@ @\0 @\0cy~~.\rF\0 @\0d\n|O^6d @\0 @M@F+\0 @\0d\n(2nj @\0 &lhL\0 @\02~=:C\0 @\0>>>G?RRRw@\0\0\0\0IENDB`','image/png','3.13KB','job_headers','EGI1BF81XF2Q34AFV9XX1PVK'),('ST12PBWTETRJAHZ7MCSECN68','u4.png','PNG\r\n\Z\n\0\0\0\rIHDR\0\0\0\0\0\0\0\08\0\0\0sRGB\0\0\0\0gAMA\0\0a\0\0\0	pHYs\0\0\0\0od\0\0IDATx^;R$IbL8Zi\n	ˡfmm(]m6xNH-駷_Ӄ1o @\0 @Ik|S6y @\0 @_X @\0 @\0ʆJMY @\0 @\r\0 @\0 P+0ŗ=֢J#@\0 @\0?_*(Ron @\0 $lhK\0 @\0R\r77 @\0hP64%@\0 @\0ʆ͛\0 @\04	(` @\0 @\0TeCM\0 @\0\rMb	 @\0 @@<Xc&@\0 @\0\nNeC!( @\0 @`R6 @\0 @@\r @\0 @@!\n\0 @\0 @\0ʆZOi @\0 @ ^@\0 @\0 @\0ZeC4 @\0 /l\0 @\0 @@<Xcm4 @\0 @ Rt:M^6D @\0 @O@g+\0 @\0D\n(\"nh @\0 \'l賕L\0 @\0\"\rk74 @\0P6J&@\0 @\0ʆȵ\0 @\0	(l% @\0 @\0HeC\rM\0 @\01r8NL\0 @\0ˆu\0 @\0#lX) @\0 @ F@j @\0 @\0u\r8;\0 @\0(bVmP @\0 ag @\0 @\0eC̪\rJ\0 @\0P6 @\0 #013A	 @\0 @\0><y+\0 @\0D\n(\"nh @\0 \'l賕L\0 @\0\"\rk74 @\0P6J&@\0 @\0ʆȵ\0 @\0	(l% @\0 @\0HeC\rM\0 @\01ƲNL\0 @\0\\.ˆu\0 @\0#lX) @\0 @ F@j @\0 @\0u\r8;\0 @\0(bVmP @\0 ag @\0 @\0eC̪\rJ\0 @\0P6 @\0 #01~3A	 @\0 @\0>2y+\0 @\0D\n(\"nh @\0 \'l賕L\0 @\0\"\rk74 @\0P6J&@\0 @\0ʆȵ\0 @\0	(l% @\0 @\0HeC\rM\0 @\0\r}	 @\0 @@<Xv]&@\0 @\0jeC4 @\0 /l\0 @\0 @@S\Z @\0P6_\0 @\0 @V@P)\0 @\0(\0\0 @\0 P+lF\0 @\0\rW\0\0 @\0nMF\0 @\0D\n\\ˆ\0 @\0	(l% @\0 @\0HeC\rM\0 @\0\r}	 @\0 @@!r&@\0 @\0}ʆ>[ @\0 @ R@vC @\0 @\0>eCd @\0 )01v9	 @\0 @\0Z6yPk*\0 @\0(\0\0 @\0 P+lF\0 @\0\rW\0\0 @\0P6zJ#@\0 @\0ʆ+\0\0 @\0\n(j= @\0 @\0xeC\0@\0 @\0j\r @\0 @@<Xm<\0 @\0 @neß;J @\0 @\0!lp @\0 @\0ReC)0 @\0 @@ @\0 @\0ʆRNa @\0 @ @\0 @\0J\r @\0 @\0e;@\0 @\0\nceٔ\n#@\0 @\02eCMM\0 @\0\rm	 @\0 @@!s&@\0 @\0mʆ6Z @\0 @ S@ِwS @\0 @\06eC` @\0 )lܻ	 @\0 @@V0 @\0fɜ @\0 @@~l(%F\0 @\0( @\0 @T@P)\0 @\0P6 @\0 @@S @\0 lp @\0 @\0ReC)0 @\0 @@ @\0 @\0cy~~.\rF\0 @\0d\n|O^6d @\0 @M@F+\0 @\0d\n(2nj @\0 &lhL\0 @\02~=:C\0 @\0>>>G?RRRw@\0\0\0\0IENDB`','image/png','3.13KB','job_headers','EGI1BF81XF2Q34AFV9XX1PVK'),('T0ZEHQO1KHFG2X77J2304PQV','u8.png','PNG\r\n\Z\n\0\0\0\rIHDR\0\0\0\0\0\0)\0\0\08_|\0\0\0sRGB\0\0\0\0gAMA\0\0a\0\0\0	pHYs\0\0\0\0od\0\0WIDATx^A\n@iϥ+/7R^rR^aO^V}LӴ}\\ض{5	<#?E B@sEhцh.ws8sEF6Dsq[듂+4Qb1JXbz\\! |bQ,q.Źy\n-4W3W v.;+\\篈sq.ΕUhwT|sٹ\\:EsqsB};m\"(b3 b5*((btjOsq.9t(}}5U0JesGP׃@,xR%m\0\0\0\0IENDB`','image/png','450B','job_headers','XSF060BUDZNTYVAU1VALQ89S');

/*Table structure for table `sys_user` */

DROP TABLE IF EXISTS `sys_user`;

CREATE TABLE `sys_user` (
  `user_id` int(11) NOT NULL AUTO_INCREMENT,
  `user_code` varchar(100) NOT NULL,
  `user_name` varchar(200) NOT NULL,
  `status` varchar(10) NOT NULL,
  `password` varchar(50) NOT NULL,
  `create_date` date NOT NULL,
  `create_by` int(11) NOT NULL,
  `last_update_date` date NOT NULL,
  `last_update_by` int(11) NOT NULL,
  `role_id` int(11) DEFAULT NULL,
  PRIMARY KEY (`user_id`),
  UNIQUE KEY `user_code` (`user_code`)
) ENGINE=InnoDB AUTO_INCREMENT=33 DEFAULT CHARSET=utf8;

/*Data for the table `sys_user` */

insert  into `sys_user`(`user_id`,`user_code`,`user_name`,`status`,`password`,`create_date`,`create_by`,`last_update_date`,`last_update_by`,`role_id`) values (2,'ADMIN','管理员','Y','admin','2011-11-26',1,'2012-09-02',2,3),(4,'07420207','小杨123','Y','123','2012-04-11',2,'2014-09-30',2,6),(5,'07420205','小毛','Y','123456','2012-04-12',2,'2012-05-08',2,6),(6,'07420206','小徐','Y','123456','2012-05-06',2,'2012-05-23',2,6),(7,'07420101','小明','Y','123456','2012-05-22',2,'2012-08-23',2,6),(8,'07420102','小王','Y','123456','2012-07-07',2,'2012-08-23',2,6),(9,'10010','杨永','Y','123456','2012-07-07',2,'2012-09-02',2,5),(10,'07420103','小军','Y','123456','2012-07-07',2,'2012-08-23',2,6),(11,'10020','尹小军','Y','123456','2012-07-27',2,'2012-09-02',2,5),(12,'07420221','小黄','Y','123456','2012-07-28',2,'2012-07-28',2,6),(13,'07420104','小海','Y','123456','2012-07-28',2,'2012-08-06',2,6),(14,'07420105','小朱','Y','123456','2012-07-28',2,'2012-08-06',2,6),(15,'07420106','小李','Y','123456','2012-07-28',2,'2014-07-03',2,6),(16,'07420201','小郑','Y','123456','2012-07-29',2,'2012-08-06',2,6),(17,'07420203','张三','Y','123456','2012-07-29',2,'2012-08-06',2,6),(18,'07420202','小曾','Y','123456','2012-07-29',2,'2012-08-06',2,6),(19,'07420204','小牛','Y','123456','2012-07-29',2,'2012-08-06',2,6),(21,'20000','教务处老师','Y','123456','2012-08-27',2,'2013-02-26',2,7),(22,'07400102','小明','Y','123456','2012-08-30',21,'2013-05-30',2,6),(23,'07400103','小胡','Y','huangjiong','2012-08-30',2,'2013-04-19',2,6),(24,'07400104','小马','Y','123456','2012-08-30',2,'2012-08-30',2,6),(25,'07440101','小段','Y','123456','2012-09-22',21,'2012-09-22',21,6),(26,'07440201','小毛','Y','123456','2012-09-27',2,'2012-09-27',2,6),(27,'07420107','满1','Y','123','2014-07-03',2,'2014-07-03',2,5),(28,'123','123','Y','213','2014-07-03',2,'2014-07-03',2,NULL),(32,'10086','test_1234','Y','123456','2014-07-29',29,'2014-07-29',29,3);

/* Function  structure for function  `nvl` */

/*!50003 DROP FUNCTION IF EXISTS `nvl` */;
DELIMITER $$

/*!50003 CREATE DEFINER=`root`@`localhost` FUNCTION `nvl`(param1  VARCHAR(255),param2   VARCHAR(255)) RETURNS varchar(255) CHARSET utf8
BEGIN
  
 RETURN(IFNULL(param1,param2));
 END */$$
DELIMITER ;

/* Function  structure for function  `to_char` */

/*!50003 DROP FUNCTION IF EXISTS `to_char` */;
DELIMITER $$

/*!50003 CREATE DEFINER=`root`@`localhost` FUNCTION `to_char`(p_date DATETIME,p_format varchar(255)) RETURNS varchar(255) CHARSET utf8
BEGIN
    
    set p_format = UPPER(p_format);
    
    set p_format = REPLACE(p_format,'YYYY','%Y');
    
    SET p_format = REPLACE(p_format,'MM','%m');
    
    SET p_format = REPLACE(p_format,'DD','%d');
    
    SET p_format = REPLACE(p_format,'HH','%H');
    
    SET p_format = REPLACE(p_format,'MI','%i');
    
    SET p_format = REPLACE(p_format,'SS','%s');
    return date_format(p_date,p_format);
    END */$$
DELIMITER ;

/* Function  structure for function  `to_date` */

/*!50003 DROP FUNCTION IF EXISTS `to_date` */;
DELIMITER $$

/*!50003 CREATE DEFINER=`root`@`localhost` FUNCTION `to_date`(p_value varchar(255),p_format varchar(255)) RETURNS datetime
BEGIN
	SET p_format = UPPER(p_format);
    
	SET p_format = REPLACE(p_format,'YYYY','%Y');
    
	SET p_format = REPLACE(p_format,'MM','%m');
    
	SET p_format = REPLACE(p_format,'DD','%d');
    
	SET p_format = REPLACE(p_format,'HH','%H');
    
	SET p_format = REPLACE(p_format,'MI','%i');
    
	SET p_format = REPLACE(p_format,'SS','%s');
    
	return str_to_date(p_value, p_format); 
    END */$$
DELIMITER ;

/*!40101 SET SQL_MODE=@OLD_SQL_MODE */;
/*!40014 SET FOREIGN_KEY_CHECKS=@OLD_FOREIGN_KEY_CHECKS */;
